id,distribution,consent,gender,age,mcq,stars_test_score,stars_int_score,stars_help_score,stars_m_test_score,stars_m_int_score,stars_m_help_score,rmars_test_score,rmars_num_score,rmars_course_score,rmars_s_test_score,rmars_s_num_score,rmars_s_course_score,sticsa_trait_score,sticsa_pre_state_score,sticsa_post_state_score,mcq_score
1U3uo,preview,Yes,female,19,maths,3.625,2.4545454545454546,2,3.5,2.25,2.25,4.3,1,1.8,4.4,2.4,2,1.6666666666666667,1.0476190476190477,1.1428571428571428,3
o0nLV,preview,Yes,female,19,stats,1.375,1.0909090909090908,1,1,1,1,1,1,1,1.3,1,1,1.0952380952380953,1.0476190476190477,1.0476190476190477,3
KQSrs,preview,NA,male,21,stats,4.125,3.272727272727273,3,4.375,2.375,3,4.3,1.8,2.8,4.6,3.4,3.2,2.761904761904762,2.4761904761904763,2.9047619047619047,2
GwzPE,preview,Yes,non-binary,19,maths,4.25,3.3636363636363638,2.75,4,2.25,2,3.7,1.8,2.2,4.4,4.2,2.6,1.1428571428571428,1,1.1904761904761905,2
VAzZ4,preview,Yes,female,19,maths,3.125,2.1818181818181817,2.5,2.75,2.125,2.75,3.4,2.2,2.6,3.5,2.4,2,2.3333333333333335,1.7619047619047619,1.6666666666666667,2
UJPCB,preview,Yes,female,18,stats,4.875,4.181818181818182,4.25,4.75,4.5,4.5,5,4.2,3.8,5,4.2,4.6,3.5714285714285716,2.8095238095238093,3.0952380952380953,4
nRG2C,preview,NA,female,20,maths,2.25,2.5454545454545454,2,1.625,2.25,1.75,2.3,1,1.2,2.6,2.2,1.4,1.2380952380952381,1,1.1,5
UfHKg,preview,Yes,other/pnts,18,stats,4.875,3.3636363636363638,2.25,4.125,2.75,2.5,4.7,1.4,2.8,4.8,2.4,3.8,3.0952380952380953,2.2857142857142856,1.9523809523809523,4
D09VK,preview,Yes,female,20,maths,4.375,2,2.75,4.625,2.875,3.25,4.2,2.8,2.6,4.3,3.8,2.8,2.142857142857143,1.1904761904761905,2.2857142857142856,NA
ulrFC,preview,Yes,female,18,stats,4,2.5454545454545454,3,3.75,2.5,3.25,3.8,1.2,1.8,4.1,1.8,1.6,3.0476190476190474,2.1904761904761907,2.3333333333333335,4
qQwMw,preview,Yes,female,20,maths,3.375,3.5454545454545454,3,3.375,3.75,3.25,3.6,3.4,2.8,4,3.8,2.4,2.2857142857142856,1.8571428571428572,2.142857142857143,2
YI5OX,preview,Yes,male,23,maths,3.75,2.909090909090909,3.5,2.125,2,2,3.3,2.2,1.75,4,3.4,3.4,2.3333333333333335,1.1904761904761905,1,4
lvGzW,anonymous,Yes,female,19,stats,2.25,2,2.5,1.875,1.625,2.75,2.3,1.2,1.6,2.1,1.6,1,2.5714285714285716,1.2380952380952381,1.4761904761904763,4
kYoLp,anonymous,Yes,female,21,stats,4.25,2.5454545454545454,2.25,3.5,2.5,2.5,4.9,1.8,2.8,4.9,3.6,2.4,2.238095238095238,1.1904761904761905,1.1904761904761905,2
SAkjm,anonymous,Yes,male,20,stats,4.375,3.272727272727273,5,4.125,3,5,4.1,2.4,2.25,4.5,3.8,3,2.0952380952380953,2.0476190476190474,1.619047619047619,3
XdULZ,anonymous,Yes,other/pnts,18,maths,4.375,2.4545454545454546,2.75,4.25,1.875,3,4.9,2.8,2.2,5,4.2,2.8,2.85,2.238095238095238,2.142857142857143,1
hAk7r,anonymous,Yes,female,19,stats,5,2.909090909090909,3,4.857142857142857,2.75,3,5,3.4,2.8,5,3.6,3.4,1.4285714285714286,1.2380952380952381,1.5714285714285714,3
rhVte,anonymous,Yes,other/pnts,20,maths,2,1,1.25,1.625,1.125,1.5,1.7,1,1,2.1,1,1.2,1.2380952380952381,1.1904761904761905,1.1904761904761905,4
3UxFq,anonymous,Yes,female,19,maths,2.375,1.6363636363636365,2.25,2.375,2,2.5,2.5,1,1.2,3.1,1.4,1.4,2.5238095238095237,2.0952380952380953,2.4761904761904763,4
9JizO,anonymous,Yes,male,20,stats,3.625,2.3636363636363638,4.25,4,2.5,4.5,3.7,1.8,2,3.8,2.2,2.4,3.2857142857142856,2.3333333333333335,3,4
FXs3X,anonymous,Yes,female,19,maths,3.125,2.272727272727273,3.25,3.125,2,2.5,3.5,1,1.8,3.6,2.8,1.6,1.3333333333333333,1.1428571428571428,1.2380952380952381,3
ocAbh,anonymous,NA,male,18,stats,3,2.4545454545454546,2.25,3.375,2.375,3.25,3.7,1.8,2.4,3.1,2.8,2,1.8571428571428572,1.5238095238095237,1.5714285714285714,2
mRJfz,anonymous,Yes,female,18,maths,3.875,2.5454545454545454,2.25,4,3.375,3.25,4,2.6,3.2,4,3.2,2.8,1.9047619047619047,1.380952380952381,1.2380952380952381,4
6eXcl,anonymous,Yes,female,20,stats,3.625,3.1818181818181817,1.75,3.5,2.75,2.25,3.6,2.2,1.6,3.9,3.4,2.4,2.0952380952380953,1.5238095238095237,1.8095238095238095,2
FEPUM,anonymous,Yes,female,19,stats,2.25,1.7272727272727273,1.5,2.375,1.5,1,2.3,1.2,1,3,1,1,2.857142857142857,2.2857142857142856,1.6666666666666667,5
jrDKg,anonymous,Yes,female,20,maths,2.75,2.3636363636363638,1,1.875,1.875,1,2.2,1.6,1.2,2.7,2.2,1.4,1.2857142857142858,1.0952380952380953,1.1904761904761905,NA
d4rJu,anonymous,Yes,other/pnts,57,maths,2.5,1.2727272727272727,1.25,2.5,1.625,1,2.5,1,1.2,2.4,1,1.2,2.4285714285714284,1.2380952380952381,1.4761904761904763,3
sxLaB,anonymous,Yes,female,21,maths,4,3.3636363636363638,3.5,4.875,4.25,4.25,5,4.8,4.6,4.5,4.5,2.8,3.0476190476190474,2.380952380952381,2.6666666666666665,NA
Z5pG4,anonymous,Yes,female,20,stats,3.625,2.5454545454545454,2.25,3.75,2.375,2.5,4.1,2.5,2.4,4,2.2,3,2.380952380952381,2.2857142857142856,1.6666666666666667,5
an4Bk,anonymous,Yes,male,18,stats,3.625,4,5,4.125,4.25,5,4.4,3.8,4,4.4,3.8,4.2,2.4285714285714284,2,1.2857142857142858,2
AB3Ij,anonymous,Yes,female,19,maths,4.75,4.363636363636363,3.75,5,4.875,4,4.8,4,4.4,4.6,3.6,4,3.9047619047619047,2.380952380952381,3.1904761904761907,3
C7cZS,anonymous,Yes,other/pnts,20,maths,3.75,3.1818181818181817,3.25,2.5,1.75,3.75,2.9,1.6,1.2,3.6,1.8,2,2.9523809523809526,2.4761904761904763,1.8571428571428572,5
GXFHo,anonymous,Yes,female,18,stats,3.75,3.4545454545454546,4.25,3.5,3.4285714285714284,3.5,3.4,1.2,1.8,3.9,2.6,2.2,2.0476190476190474,1.5238095238095237,1.2857142857142858,4
il39l,anonymous,Yes,female,19,stats,4.25,2.272727272727273,2,4.625,2.625,2.25,4.9,2,3.2,4.9,1,3.2,3.238095238095238,2.238095238095238,2.9047619047619047,NA
IaQTG,anonymous,Yes,female,19,maths,4,1.9090909090909092,5,3.625,1.875,5,3.1,1.4,2.4,4.3,3.6,3,2.619047619047619,1.2380952380952381,2,4
h9bgT,anonymous,Yes,female,21,maths,3.125,2.272727272727273,3.5,3.25,2,3.75,3.5,1,2,3.5,2.6,2,2.2857142857142856,2.4285714285714284,1.4761904761904763,4
ji41d,anonymous,Yes,female,16,stats,3.625,3.1818181818181817,3.75,3.375,2.875,3,3,1,2.2,4.2,1.8,2.6,2.857142857142857,2.142857142857143,1.5714285714285714,2
K4ccy,anonymous,Yes,female,19,stats,1.875,1.7272727272727273,2.5,1.625,1.125,1.25,1.8,1,2,1.7,1.4,2,1.7619047619047619,1.3333333333333333,1.1,5
2Nrw1,anonymous,Yes,female,18,maths,2.375,1.4545454545454546,2.5,2.625,1.375,3.5,2.9,1.2,1,3,1,1.2,1.9523809523809523,1.5714285714285714,1.0476190476190477,4
91elw,anonymous,Yes,male,19,maths,3.5,2.8181818181818183,2,3.625,3.25,1.5,3.5,3,2.6,3.3333333333333335,3.6,1.8,2.3333333333333335,1.619047619047619,1.7142857142857142,5
PWZd9,anonymous,Yes,female,19,stats,2.875,2.3636363636363638,2.25,3.125,2.125,2.75,2.8,1.4,1.8,3.4,2.8,2,1.8571428571428572,1.8571428571428572,1.55,5
2u1pE,anonymous,Yes,female,19,maths,3.875,3,4.25,4.25,3.125,4,4.3,2,3.2,4.6,1.8,3.2,2.9523809523809526,2.7142857142857144,2.4285714285714284,4
WdOtI,anonymous,Yes,male,18,stats,3.625,2.4545454545454546,4,2.75,1.875,3,2.4,1.6,1.4,4.1,2.8,1.8,2.3333333333333335,2.0952380952380953,2.4285714285714284,NA
mWF7h,anonymous,Yes,other/pnts,18,stats,2.5,1.5454545454545454,2,1.625,1,1,1.6,1,1,2.7,1,1.6,1.5238095238095237,1.1904761904761905,1,NA
EPLlm,anonymous,Yes,female,19,maths,4,3.090909090909091,2,3.125,2.625,2,2.7,1,1.6,3.4,1.8,2,2.0952380952380953,1.4761904761904763,1.1428571428571428,4
6ieyf,anonymous,Yes,female,20,maths,2.625,1.3636363636363635,1,2.75,1.875,1,3.4,1.2,1.2,3.4,1.8,1.4,1.7142857142857142,1.4285714285714286,1.3333333333333333,2
khOxC,anonymous,Yes,female,19,stats,4.375,2.727272727272727,3.3333333333333335,5,3.125,3.5,4,1.6,3.2,4.5,2.6,3.2,2.4761904761904763,1.7619047619047619,2.142857142857143,3
zVpq5,anonymous,Yes,female,17,maths,4.5,2.272727272727273,4.5,4.375,2.5,4.5,3.5,2.6,2.4,3.8,3.2,2.8,3.5714285714285716,2.9047619047619047,2.857142857142857,5
adPdh,anonymous,Yes,female,19,stats,2.375,1.6363636363636365,1.75,2.25,1.125,1.75,2.4,1.2,1.4,2.3,1.4,1.4,1.5714285714285714,1,1.380952380952381,NA
RCDNX,anonymous,Yes,female,18,stats,4.25,2.3,3.5,4.125,2.375,3,3.7,1,2.6,4.4,2.6,2.4,2.857142857142857,1.9523809523809523,1.7142857142857142,4
4sl1v,anonymous,Yes,male,17,maths,3.375,2.5454545454545454,3.25,4.5,4.875,4.75,3.3,2.4,2.4,3.8,3,3.4,1.4761904761904763,1.380952380952381,1.1904761904761905,1
CZkx0,anonymous,Yes,female,20,stats,1.75,2.3636363636363638,1.75,2.375,2.125,2,2.4,1.2,1.4,1.8,1.2,1.2,1.2857142857142858,1.2380952380952381,1.0952380952380953,2
gLGEb,anonymous,Yes,female,20,stats,3.875,3.3636363636363638,3.25,2.375,3.5,1.5,3.3,3.2,3.2,3.4,3,3,2.0476190476190474,1.8095238095238095,1.619047619047619,4
WpZoF,anonymous,Yes,female,20,stats,4.875,4.363636363636363,4.5,3,3.5,2.75,5,4.2,4.4,4.9,3.4,3.8,1.5714285714285714,1.8571428571428572,1.8095238095238095,2
WIBkj,anonymous,Yes,male,18,maths,3.25,1.9090909090909092,1.5,3.25,1.875,1.25,3.3,1,1.4,3.3,1.2,1.4,1.380952380952381,1.4285714285714286,1.0476190476190477,4
BD5VH,anonymous,Yes,female,17,stats,3.75,2.4545454545454546,2,4,2.625,2,4.2,1.6,2.4,4.4,2.6,2,1.8095238095238095,1.1428571428571428,1,5
l60b2,anonymous,Yes,female,20,stats,1.875,1.9090909090909092,3,1.875,1.75,3,2.1,2.2,1.6,2.1,1.8,1.6,1.9523809523809523,1.7619047619047619,1.4761904761904763,3
vr1Ak,anonymous,Yes,female,18,stats,2,1.5454545454545454,1,2.375,1.875,1,2.6,1.8,1.4,2.4,1.8,1,1.1428571428571428,1.0476190476190477,1.15,2
K4cqA,anonymous,Yes,female,20,maths,3.375,4.181818181818182,4,3.375,3.375,3.75,3.7,2.4,2.6,4,3,2.4,2.5238095238095237,1.4285714285714286,1.9047619047619047,2
zwh9W,anonymous,Yes,female,19,maths,2.25,2,1.75,2.25,2,2.25,1.9,1.2,1.6,1.9,1.4,1.2,2.25,2.1904761904761907,1.05,4
BMp5i,anonymous,Yes,female,18,stats,3.5,3.5454545454545454,3.75,3.375,3.125,3,3.7,1.8,3.2,4,2.8,3,2.4285714285714284,2.0952380952380953,1.3333333333333333,5
Y9l70,anonymous,Yes,female,19,maths,4.25,1.9090909090909092,4.25,4.25,1.25,4.25,4.6,1,1.8,4.8,1.2,2,2.3333333333333335,1.0952380952380953,1.1428571428571428,5
cwMSQ,anonymous,Yes,female,19,stats,4.125,3.3636363636363638,5,3.75,3.25,4.75,4.2,3,3.4,4.4,2.6,3.6,2.7142857142857144,2.619047619047619,2.5714285714285716,2
qejj5,anonymous,Yes,female,19,stats,4.5,2.6363636363636362,2.75,4.5,2.5,2.5,5,2.2,2.4,5,2,3,2.5238095238095237,2.238095238095238,2.0952380952380953,NA
Fv6Hm,anonymous,Yes,female,19,stats,4,1.9090909090909092,2,3.5,1.75,2,3.9,1,1,4.4,1,1,1.2857142857142858,1.0952380952380953,1.0952380952380953,2
EjbZG,anonymous,No,male,19,maths,3.125,1.3636363636363635,2.5,3.125,1,2.5,3.2,1,1.4,3.4,1.4,1.2,2.238095238095238,2.1904761904761907,1.8571428571428572,5
n5DlS,anonymous,NA,female,19,maths,4.25,2.727272727272727,3.25,3.857142857142857,3.25,4,4.8,1.2,3.6,4.9,2.6,4.2,1.3333333333333333,1.3333333333333333,1.1428571428571428,NA
lZYPj,anonymous,Yes,male,19,stats,3.125,2.8181818181818183,5,2.875,3,4.75,3,1.8,2.8,4.1,3.4,3.2,3.1904761904761907,2.9523809523809526,3.2857142857142856,NA
R2Y7E,anonymous,Yes,female,220,maths,1.875,1.2727272727272727,1.5,2,1.125,1.5,2.3,1,1.2,2.3,1,1.2,1.2857142857142858,1,1.0476190476190477,5
Vu8ja,anonymous,Yes,female,20,maths,3.625,3.090909090909091,4.75,3.5,3,4.25,4.4,2.2,2.4,4.8,2.8,2.2,3.5714285714285716,2.9047619047619047,2.619047619047619,3
m7RM9,anonymous,NA,male,20,stats,4,2.727272727272727,4,3.75,2.75,3.5,3.8,1.4,2.8,4.3,3.4,3.4,3.0476190476190474,1.9047619047619047,2.142857142857143,3
YDlvy,anonymous,Yes,female,39,stats,3.7142857142857144,2.8181818181818183,2,2.375,2.125,2,2.7,1.6,1.8,3.6,2.2,2.6,1.5714285714285714,1.1904761904761905,1.619047619047619,4
K5AI8,anonymous,Yes,female,20,maths,1.625,1.0909090909090908,1,1.375,1,1,1.8,1,1,1.7,1,1,1.380952380952381,1.3333333333333333,1.4,5
sXQ1a,anonymous,Yes,female,19,maths,2.75,2.4545454545454546,3.5,2.375,2.125,2.75,2.5,1,1.2,2.6,1,1.4,2.142857142857143,1.619047619047619,1.4285714285714286,4
60RT2,anonymous,Yes,female,18,stats,2,2.1818181818181817,1.5,2.25,2.125,1.75,2.3,2.2,1.8,2.7,2.4,1.8,2.4285714285714284,1.6666666666666667,1.2380952380952381,4
Er8lG,anonymous,Yes,female,18,maths,1.625,2.272727272727273,3.25,1.8571428571428572,2.375,3.5,1.2,1.6,1.8,1.5,2.8,2.4,2,1,1.5714285714285714,4
R47v6,anonymous,Yes,other/pnts,18,maths,1.875,1.5454545454545454,1,2.375,2.25,1.5,2.5,1.4,2,2.2,1,1.2,2.3333333333333335,1.1904761904761905,1.0952380952380953,3
Kf7xs,anonymous,Yes,female,18,stats,3.875,3.8181818181818183,3.25,4.375,4,3,3.7,4,3.4,4.6,4.2,3.6,3,1.5714285714285714,1.5238095238095237,2
IybPq,anonymous,Yes,female,19,stats,3.875,3.272727272727273,3.25,3.25,3.375,3,3.9,3,1.6,4,3.2,2,2.8095238095238093,2,1.9047619047619047,3
VpL9v,anonymous,No,female,19,maths,4.375,3.5454545454545454,3.5,4.5,3.5,3.25,4.6,2.8,2.8,4.6,3.2,2.8,2.9047619047619047,2.4761904761904763,1.9523809523809523,3
jHGu5,anonymous,Yes,female,45,maths,3.5,3.727272727272727,2,3.25,2.875,1.75,3.7,2,1.6,4.3,3,1.4,1.6666666666666667,1.619047619047619,1.5238095238095237,4
1YdZV,anonymous,Yes,female,19,stats,3,2,2,3.125,2.125,2.25,3.2,1.2,1.6,3.3,2.2,1.8,2.0952380952380953,1.5714285714285714,1.7142857142857142,2
udr3I,anonymous,Yes,other/pnts,18,maths,3.25,1.5454545454545454,2.25,3.125,1,2.75,3.7,1,1.6,3.7,2,1.2,2.0476190476190474,1.5714285714285714,1.5238095238095237,NA
daDjs,anonymous,Yes,female,19,stats,3,2,2,2.875,2.375,1.75,3.9,2,2.6,3.6,2.6,2.2,2.1904761904761907,2,1.8095238095238095,3
qhsfF,anonymous,Yes,female,18,maths,3.375,1.8181818181818181,1,3.5,2.125,1,4.1,1.4,1.6,3.9,1.8,1.8,1.2380952380952381,1.1428571428571428,1,5
w7s9C,anonymous,Yes,other/pnts,19,maths,2.25,1.8181818181818181,1,2.25,1.375,1,2.5,1,1,2.5,2,1.2,2,1.5238095238095237,1.2857142857142858,3
42gb3,anonymous,Yes,other/pnts,20,stats,4,1.8181818181818181,1,3.375,1.5,1.5,3.4,1,1,4.3,1,1.2,2.5238095238095237,2.0952380952380953,1.8571428571428572,5
9C8jB,anonymous,Yes,other/pnts,19,stats,4.375,2.6363636363636362,3.5,4.25,2.75,3.5,4.4,1.8,2.8,4.3,1.2,2.6,2.6666666666666665,1.4761904761904763,1.2380952380952381,4
BxoYr,anonymous,Yes,male,19,maths,4.625,4,3,4.875,4.5,3.25,4.9,3.2,4.2,4.9,4.6,3.8,2.9523809523809526,2.4761904761904763,3.238095238095238,3
CZAvP,anonymous,Yes,female,20,maths,2.5714285714285716,2.727272727272727,2.75,2,2.5,2.25,2.7,2,1.6,2.9,2,2,1.2857142857142858,1.0476190476190477,1,NA
wgZsr,anonymous,Yes,other/pnts,20,stats,3.125,2,3,3.125,2.75,3,3.9,2.4,1.8,3.6,2.2,1.8,1.5714285714285714,1.2857142857142858,1.1904761904761905,4
RVUhK,anonymous,Yes,female,19,maths,4.125,1.6363636363636365,2,4.125,1.875,2.25,4.1,1.2,1.6,4.1,2.4,1.8,2.6666666666666665,2.380952380952381,2.0952380952380953,5
PHYsH,anonymous,Yes,female,19,stats,4,2.909090909090909,2.5,3.25,2.875,2.5,3.6,2.4,1.6,4.7,2.6,2.4,3.4285714285714284,3.5714285714285716,3.3333333333333335,4
1crQC,anonymous,Yes,female,19,maths,2.625,1.7272727272727273,2.25,2.625,1.375,1.75,3.2,1,1,3.1,2.4,2,1.4285714285714286,1.2380952380952381,1.380952380952381,4
AU8Xf,anonymous,Yes,female,19,stats,2.875,2.3636363636363638,2,2.75,3,1.75,2.7,2.2,2.25,2.7,1.8,3,1.7619047619047619,1.4285714285714286,1.3,3
bWJ9P,anonymous,Yes,female,19,maths,3.5,1.4545454545454546,1.5,4,1.125,1.5,4.9,2.2,1.6,4.7,1.6,1.2,2.05,1.0952380952380953,1.1428571428571428,3
EGFk2,anonymous,Yes,female,18,maths,4.625,3.5454545454545454,3,5,5,3.5,5,4.2,5,4.7,4.2,2.8,1.0952380952380953,1.0476190476190477,2.380952380952381,1
4fj5T,anonymous,Yes,male,180,stats,1.25,1.3636363636363635,1,1.375,1.25,1,1.5,1,1,3.1,1.6,1.4,2.0952380952380953,1.0952380952380953,1.0952380952380953,4
qb9LW,anonymous,Yes,other/pnts,19,maths,3.125,2.909090909090909,3.25,3.5,2.75,4,4.3,1.6,3,3.9,2.4,2.4,1.0952380952380953,1.0952380952380953,1.0952380952380953,NA
ZdlsP,anonymous,Yes,female,17,stats,3.375,3.090909090909091,4,3.5,3.25,4,3.4,2.2,3,3.7,1.8,3,2.8095238095238093,1.9047619047619047,1.8095238095238095,3
Cntlm,anonymous,Yes,female,18,stats,4,3,2.75,4.375,2.375,2.75,3.3333333333333335,1.6,1.6,3.7777777777777777,3.4,2.6,2.0952380952380953,2.142857142857143,1.7142857142857142,3
wG2TR,anonymous,Yes,female,19,maths,4,2.5454545454545454,3,2.875,2.25,2.75,3.2,1,2.8,4.1,1.2,2.4,2.2857142857142856,1.9047619047619047,1.7619047619047619,3
GIdfy,anonymous,Yes,other/pnts,20,stats,2.625,1.9090909090909092,1.75,1.75,1.375,1,1.8,1.8,1.6,1.6,1.2,1.6,3.1904761904761907,3.6666666666666665,2.8095238095238093,3
7cNhh,anonymous,Yes,female,19,maths,3.25,2.090909090909091,2,2.625,1.375,1.75,2.5,1.8,2.2,3.4,1.8,2.6,1.2857142857142858,1.0952380952380953,1.1428571428571428,2
0Sbvm,anonymous,NA,female,19,maths,3.125,2.6363636363636362,2.75,2.75,2.375,2.5,2.9,1.4,2.2,2.7,2.8,3.4,2.3333333333333335,2.4761904761904763,2.9047619047619047,2
XTNNv,anonymous,Yes,female,19,stats,3.875,2.272727272727273,3,2.75,1.25,3,3.5,1,1.4,4.1,1.6,1.6,2.9523809523809526,2.5714285714285716,2.4761904761904763,3
gys2m,anonymous,Yes,female,19,maths,3.25,1.9090909090909092,2.5,4.25,2.25,3.5,4.6,1.4,2,4.1,1,1.2,2.0952380952380953,1.2380952380952381,1.1428571428571428,0
nSNLc,anonymous,Yes,female,17,stats,2.75,1.5454545454545454,1.75,3.125,1.625,1.75,3,2.2,1.6,2.9,1,1.6,1.619047619047619,1.5238095238095237,1.1904761904761905,NA
OGIx2,anonymous,Yes,female,22,stats,1.875,1.4545454545454546,1,2.375,1.875,1,2.3,1,1.4,2.1,1.2,1.2,1.1904761904761905,1,1.0952380952380953,3
gEk8c,anonymous,Yes,female,20,maths,4.75,2.6363636363636362,5,4.5,2.75,5,4.4,1.2,2.8,4.6,4.2,2.6,2.9047619047619047,2.5238095238095237,2.0476190476190474,5
IJpxI,anonymous,Yes,male,20,stats,3.125,3,4.5,2,2.5,4,2.7,1.8,1.6,3,4.2,1.6,1.2380952380952381,1.1428571428571428,1.3333333333333333,1
8gZ4N,anonymous,Yes,male,20,maths,3.125,2.4545454545454546,3,2.75,2.375,3,3.1,2,2.8,3.2,2.8,2.8,2.380952380952381,2.5238095238095237,2.5238095238095237,4
t78FX,anonymous,Yes,female,19,stats,3.5,2.1818181818181817,2,2.75,1.375,1.25,3.5,1.8,1.5,4.5,1.8,1.8,1.1428571428571428,1,1,5
D4Ouu,anonymous,Yes,female,32,maths,1.75,1.2727272727272727,1.25,1.75,1.375,1,1.9,1,1,2,1.6,1.2,1.5714285714285714,1.1428571428571428,1,NA
O5JsZ,anonymous,Yes,male,19,stats,2.125,2.1818181818181817,1.75,3,2.5,2.25,3.7,2.2,1.8,2.5,1.6,1.2,1.5714285714285714,1.1428571428571428,1.3333333333333333,2
Xhe8o,anonymous,Yes,female,19,stats,3.25,2.272727272727273,3.5,2.875,2.5,3.25,2.9,1.2,2,3.4,2.8,2,1.9047619047619047,1.9047619047619047,1.75,3
QDtKQ,anonymous,Yes,female,18,maths,1.375,1.1818181818181819,1,1.25,1.125,1.25,1.5,1,1,1.2,1,1,1.4285714285714286,1.3333333333333333,1,NA
WkVff,anonymous,Yes,male,20,stats,2.5,3.1818181818181817,3.25,4,3.5,4.5,3.9,1.8,2.6,2.9,2.8,2.4,1.9047619047619047,1.9523809523809523,1.619047619047619,2
WZeXp,anonymous,Yes,female,19,maths,2.375,1.4545454545454546,2,2.375,1.75,2.25,2.7,1.6,1.4,2.5,2.4,1.2,3.4761904761904763,2.5238095238095237,2.238095238095238,2
aeqF8,anonymous,Yes,female,20,maths,2.75,2.4545454545454546,2.75,2.625,2.125,2.5,2.9,1.6,1.6,3.2,2.4,2.6,2.6666666666666665,2.142857142857143,2.0952380952380953,5
Vgbl2,anonymous,Yes,female,19,stats,2.375,2.090909090909091,2.75,2.875,2,2.75,4,2.6,2.2,2.8,3,1.8,1.7142857142857142,1.0476190476190477,1.0952380952380953,3
3i2E1,anonymous,Yes,female,19,stats,4.125,2.272727272727273,1.5,4.125,2.125,2.75,4.7,1.2,2.4,4.2,2.4,2.8,2.142857142857143,1.5238095238095237,1.619047619047619,4
N0jIl,anonymous,Yes,female,17,maths,3.125,2.4545454545454546,2,2.75,2,1.75,3.2,1,2,3.5,3.4,1.6,1.4285714285714286,1,1.2857142857142858,2
0C3da,anonymous,Yes,female,20,stats,3.5,2.1818181818181817,3.25,3.125,2,3.25,3.2,1.4,2,3.9,1.6,2.2,2.0476190476190474,1.3333333333333333,1.3333333333333333,3
VZ8g2,anonymous,Yes,other/pnts,20,maths,2.125,2.090909090909091,1.5,2,2.125,1.5,2.7,2,1.6,2.5,1.8,1.8,1.1904761904761905,1.0952380952380953,1.2380952380952381,NA
QQVJe,anonymous,Yes,female,18,maths,4.5,4,3.25,4.125,3.875,3.5,4.9,3.4,3.8,4.8,3.8,3.6,2.619047619047619,1.4285714285714286,1.4761904761904763,NA
wUMuo,anonymous,Yes,male,19,stats,4.5,4.090909090909091,4,4.714285714285714,4,4,4.6,3.4,3.4,4.6,3.4,3.6,2.8095238095238093,1.7142857142857142,2.857142857142857,2
oRz5N,anonymous,Yes,female,18,stats,3.125,2.9,2.25,4.125,2.125,2.75,3.8,3.2,2,3.2,2.4,1.2,2.3333333333333335,1.0952380952380953,1.4285714285714286,4
Jb4Zj,anonymous,Yes,other/pnts,18,maths,3.875,2.3636363636363638,2.5,3.375,2.25,1,2.5,1,1.8,4,2.2,3,1.7142857142857142,1.4761904761904763,1.3333333333333333,NA
hwSwZ,anonymous,Yes,female,19,stats,3.375,3.6363636363636362,4.25,2.5,2.375,3,1.9,1.2,1.6,4,2,3.2,1.380952380952381,1,1,3
EjpDL,anonymous,Yes,female,18,maths,4.5,2.909090909090909,1,3.625,3,1,3.1,1.4,1.6,4.8,3.8,2.6,1.8095238095238095,1.380952380952381,1.2857142857142858,3
2Rauy,anonymous,Yes,female,21,stats,3.5,2.1818181818181817,2,3.5,1.875,2.25,3.7,1.8,2,3.7,2,2.2,1.7142857142857142,1.3333333333333333,2.1904761904761907,NA
rcnu3,anonymous,Yes,other/pnts,20,maths,4.125,2.4545454545454546,1,3.125,2.875,1,4,2,1,3.8,2.4,2.2,1.8095238095238095,1.380952380952381,1.0952380952380953,2
pnZuQ,anonymous,Yes,female,19,maths,3,2.090909090909091,1.75,2.625,2.125,1.75,2.3,1,1.2,3.4,1,1.6,1.9523809523809523,1.9047619047619047,1.6666666666666667,NA
xqMbq,anonymous,Yes,male,20,stats,2.75,1.4545454545454546,2.25,2.75,1.625,2.75,2.9,1,1.2,2.7,2.4,1.6,2,2.142857142857143,1.0952380952380953,3
2jBId,anonymous,No,female,18,stats,4.125,2.272727272727273,3.25,4.25,2.375,3,4.1,2.4,2.8,4,4.2,3.2,2,2.0476190476190474,2.142857142857143,2
hvnBr,anonymous,No,female,20,maths,2.625,1.2727272727272727,2,2.625,1.25,2.25,3.2,1.8,1.2,3.6,1,1,1.1428571428571428,1.1428571428571428,1.2380952380952381,NA
UUvvR,anonymous,Yes,female,18,maths,1.875,2.272727272727273,3.75,1.75,2.125,3.75,2.6,1,1.2,2.1,2.6,1.8,1.6666666666666667,1.6666666666666667,1.4285714285714286,4
lyC9q,anonymous,Yes,male,18,stats,2.875,2.090909090909091,3.5,2.5,2.125,3,2.4,2.2,1.8,3.9,3.6,2.2,2.0476190476190474,1.7142857142857142,1.7619047619047619,4
KarR9,anonymous,Yes,female,19,stats,4,2.3636363636363638,4.75,4.375,2.625,4.5,3.5,1,3,3.7,4,3.4,1.8095238095238095,1.619047619047619,1.5238095238095237,NA
aLaPg,anonymous,Yes,male,18,maths,2.375,1.1818181818181819,4,2.125,1.125,3.75,2.6,1,1,2.888888888888889,1.75,1,1.8,1.6666666666666667,1.2380952380952381,5
1Rn6s,anonymous,Yes,male,18,maths,3.625,2.8181818181818183,2.25,4,3.75,3.25,4.7,4.6,2.8,4.2,4.6,2.2,2.0952380952380953,1.1904761904761905,2,4
ajiJb,anonymous,NA,female,20,maths,5,4,5,5,3.625,5,4.7,2.8,4,4.7,3.6,4.4,2.857142857142857,2.0476190476190474,2.1,NA
1VTIt,anonymous,Yes,male,17,stats,3.25,1.8181818181818181,3,3.5,2,3,3.8,1.8,1.8,3.7,1.8,2.6,2.3333333333333335,2.142857142857143,2,4
qN9TW,anonymous,NA,female,21,maths,4.5,3.3636363636363638,4.25,4.625,3.75,4.5,4.7,2.6,2.6,4.8,2.4,2.4,2.380952380952381,2.4285714285714284,1.8095238095238095,3
13ECk,anonymous,Yes,female,18,maths,2.25,2.727272727272727,3.75,2.875,2.5,3,2.8,3.6,2.4,3.6,3.2,2.2,1.9047619047619047,1.9047619047619047,2.3333333333333335,2
ZfbJ5,anonymous,No,other/pnts,19,maths,2.75,1.8181818181818181,1,2.5,1.875,1,2.7,1.4,1.8,2.6,2.4,1.6,1.2857142857142858,1.0476190476190477,1.0476190476190477,4
fCUzB,anonymous,Yes,female,19,stats,3.5,2.272727272727273,1.75,4,2.375,1.5,3.5,2.2,2,3.5,2.6,2.2,2.142857142857143,1.1904761904761905,1.2380952380952381,2
Z3D1i,anonymous,Yes,female,18,stats,3.625,3.3636363636363638,4.75,4,3.875,4.75,4.4,1.6,3,3.9,1.6,3.2,3,2.5714285714285716,1.8095238095238095,3
4DdZ7,anonymous,Yes,female,20,stats,2.25,1.7272727272727273,2,2.25,1.75,2.25,2.2,1,2,2.1,1.8,2,1.5238095238095237,1.1,1.2857142857142858,2
vKzBO,anonymous,Yes,other/pnts,20,stats,2.25,1.5454545454545454,2.5,2,1.125,2,1.9,1,1,2.6,2,1.6,1.1428571428571428,1.0476190476190477,1.380952380952381,1
MhO9r,anonymous,Yes,male,19,maths,3.25,2.4545454545454546,4.75,2.75,2.125,4.25,2.8,2,2.4,3.5,1.8,2.2,2.4761904761904763,2.3333333333333335,2.380952380952381,3
gFk3j,anonymous,Yes,female,19,maths,2.875,2,2.25,3.25,3.125,3,3.2,2.2,2.4,3.1,2.2,1.8,1.5714285714285714,1.0952380952380953,1.5238095238095237,NA
5kwV6,anonymous,Yes,female,21,stats,4.75,3.272727272727273,3.25,2.125,2.125,2.25,2.8,1.4,2.2,4.6,3.4,3.2,2.0476190476190474,1.1904761904761905,1.1428571428571428,2
AMVGF,anonymous,Yes,other/pnts,20,maths,4.125,3.6363636363636362,5,3.375,3,4,3.1,2.8,2.4,4,3.2,3,2.238095238095238,1.1904761904761905,1.7142857142857142,3
FLUxb,anonymous,Yes,female,18,maths,3.375,2.4545454545454546,1.5,1,1,1,1,1,1,3.5,3.4,2.8,2.3333333333333335,1.7142857142857142,1.4761904761904763,4
DNVaD,anonymous,Yes,female,19,stats,2.75,1.5454545454545454,4.75,2.875,1.375,4.5,4,1.6,2.6,3.6,1,2.2,2.5714285714285716,1.4761904761904763,2.142857142857143,NA
cLK5b,anonymous,Yes,female,17,maths,1.625,1.3636363636363635,2.5,1.5,1.2857142857142858,2.25,1.5,1,1.6,1.6,1,1.4,1.5238095238095237,1.4285714285714286,1.380952380952381,5
WRhXk,anonymous,NA,female,19,stats,4.5,3.5454545454545454,4.25,2.125,2.25,2,1.2,1.2,1.4,4.9,3,3.8,1.9523809523809523,2,1.1428571428571428,3
WvTTm,anonymous,Yes,female,19,maths,4,3.090909090909091,2.5,4.428571428571429,2.75,2.5,4.6,1.4,2.6,4,3,2.4,1.2380952380952381,1,1.1428571428571428,4
D8xUm,anonymous,Yes,female,20,maths,4,2.5454545454545454,4,4,2.625,2.75,4,1.8,2.2,4.4,1.8,2.4,2.857142857142857,2.238095238095238,2.619047619047619,3
iCrQN,anonymous,Yes,female,19,stats,2.875,1.7272727272727273,2,2.125,1.125,2,3,1.6,1.6,3.3,1.8,1.8,1.7619047619047619,1.1904761904761905,1.4761904761904763,4
J5rW4,anonymous,Yes,female,20,maths,4.125,3.3636363636363638,2,4.5,3.375,2.25,4.2,1.8,2.6,4.5,2.2,2.4,1.4761904761904763,1.2857142857142858,1.0952380952380953,2
DSXgx,anonymous,Yes,female,21,maths,2.25,1.7272727272727273,3.75,2.5,2.125,3.75,2.5,1,1.8,2.5,1,1.6,2.4761904761904763,1.5238095238095237,1.0476190476190477,5
qIdkI,anonymous,Yes,other/pnts,18,stats,3.25,3.272727272727273,3,3.125,2.875,3.25,2.9,2.8,3.4,3.2,3.8,3,1.7142857142857142,1.9047619047619047,1.4285714285714286,4
j7KVe,anonymous,Yes,female,20,maths,2.625,1.3636363636363635,1.5,2.875,1.625,1.75,2.9,2,3,3.2,2,1.8,1.1904761904761905,1.1904761904761905,1.0952380952380953,2
vhcvY,anonymous,No,female,19,maths,2.75,2,3,2.875,2,2.25,2.7,1,1.6,3,1.6,1.8,1.9047619047619047,1.1904761904761905,1.4761904761904763,3
RFJnJ,anonymous,Yes,female,19,stats,3.25,3,2.75,3.25,2.5,2.75,3.9,2.6,2,4.2,3.4,1.8,1.9047619047619047,2.0476190476190474,2.0952380952380953,1
jLARq,anonymous,Yes,other/pnts,19,stats,2.5,1.2727272727272727,2,2.375,1,2,2.6666666666666665,1,1,3.7,1,1,2.619047619047619,2.5714285714285716,2.5714285714285716,3
r50GM,anonymous,Yes,female,19,maths,2.125,1.3636363636363635,1,2.625,3,1.75,2.9,1.2,1.4,2.2,1.8,1,1.4285714285714286,1,1.0476190476190477,NA
m2Dcx,anonymous,Yes,female,17,maths,1.75,2.1818181818181817,2,1,1.25,1,1.5,1.2,1,2.2,1.4,1.6,1.3333333333333333,1.2380952380952381,1.0476190476190477,4
kEP1V,anonymous,Yes,non-binary,53,maths,3.125,2.6363636363636362,2.75,2.25,2.875,1.75,2.4,1.6,1.4,3.4,2.2,2.2,1.7619047619047619,1.2380952380952381,2.142857142857143,NA
567FX,anonymous,Yes,male,20,stats,1.75,1.8181818181818181,2,1.75,1.625,1.5,1.5,1,1.6,2,1.8,1.2,1.4761904761904763,1.3333333333333333,1.2380952380952381,2
mfTib,anonymous,Yes,female,20,stats,2,2.272727272727273,1.5,2.625,2.25,2.75,2.4,2.4,2.6,3,4.4,1.2,2.1904761904761907,2.1904761904761907,1.7619047619047619,2
2nPXu,anonymous,Yes,male,19,maths,3.75,2.6363636363636362,2.25,3.875,2.625,2,3.5,1.4,2.6,3.5,4.2,2.4,2.238095238095238,1.380952380952381,1.5238095238095237,NA
BKRNd,anonymous,Yes,female,19,stats,3.25,2.090909090909091,3.5,3.5,2.125,3.5,2.4,1.4,2.6,2.5,1,1.8,2.619047619047619,2.142857142857143,1.0476190476190477,2
FHqks,anonymous,Yes,female,19,stats,3.25,3.3636363636363638,3.25,3.5,3.375,2.5,4,3.2,2.6,3.6,3.4,2.6,3.2857142857142856,2.5238095238095237,2.761904761904762,4
ItPc5,anonymous,Yes,other/pnts,19,stats,4.625,4,3.75,4.25,4.125,4,4.9,4.8,4.6,4.5,4.8,4.8,2.857142857142857,2.9047619047619047,2.9523809523809526,4
gTwyG,anonymous,Yes,other/pnts,19,maths,4.625,4.363636363636363,4.25,3.625,3.375,3.25,3,2.4,3,4.7,3.6,4.2,1.0952380952380953,1,2.3333333333333335,NA
jWq9O,anonymous,Yes,female,18,maths,4.375,3.1818181818181817,2.75,4.375,3.5,3.75,4.2,2.2,3,4.5,2.8,2.8,2.4761904761904763,2.1,2.5238095238095237,3
1Zycx,anonymous,Yes,other/pnts,21,stats,2.25,2.3636363636363638,4,1.5,1.875,2.25,1.9,1.6,1.2,2.5,1.6,1.4,2.0952380952380953,2.1904761904761907,1.9047619047619047,3
n4R4P,anonymous,Yes,female,19,maths,4.75,5,4,5,4.625,5,4.9,4.6,5,5,4.6,5,3.0952380952380953,2.4285714285714284,2.5714285714285716,2
GF7AW,anonymous,Yes,female,18,maths,2.875,2.2,1,3.5,1.875,1.25,3,1,2,2.7,1.4,1.6,2.2857142857142856,1.380952380952381,1.1428571428571428,5
fevx8,anonymous,Yes,female,19,stats,2.125,1.2727272727272727,1,2.25,1.25,1,2.8,1.8,1.6,2.7,2,1.6,1.2380952380952381,1.1428571428571428,1.380952380952381,NA
qkyKI,anonymous,Yes,female,17,maths,3.5,2.909090909090909,1.25,3.25,2.5,1.25,3.9,3,3,4.2,3.6,2.6,2.7142857142857144,1.8571428571428572,2.05,3
LZPJq,anonymous,Yes,female,19,stats,4.25,1.4545454545454546,4.5,4,1.5,2.5,4.7,1.2,2.4,4.6,3.2,3.4,3.7142857142857144,1.8095238095238095,3.1904761904761907,4
604sE,anonymous,Yes,female,17,stats,2.75,2.727272727272727,2,2.5,2.75,2.25,2.4,1.2,1.6,3.5,3.2,2.4,1.45,1.1428571428571428,1.0952380952380953,3
no5PW,anonymous,Yes,female,19,maths,3.375,3.090909090909091,3,3,3.142857142857143,3,2.6,1.2,1.8,3.7,2.2,2.6,1.8571428571428572,1.1428571428571428,1.1904761904761905,NA
2jceE,anonymous,Yes,female,18,stats,3.125,1,1.5,3.25,1,1.5,3.4,1,1.2,3.5,1,1.2,2.238095238095238,1,1.2380952380952381,3
t1mfp,anonymous,Yes,female,55,stats,3.375,1.8181818181818181,3.5,2.875,1.375,4,4,2,2.2,3.7,1.4,2.2,2.619047619047619,2.3,2.619047619047619,3
A0bdM,anonymous,Yes,female,20,maths,4.5,2.8181818181818183,3.25,4.375,2.75,3.25,3.9,1.8,2.75,4.2,2.6,2,3.0952380952380953,2.4285714285714284,1.8571428571428572,2
Qcugp,anonymous,Yes,female,34,maths,2.25,1.7272727272727273,2.75,2.625,1.875,3,2.2,1,1.4,2.2,1.2,1.4,1.0952380952380953,1,1.0476190476190477,5
CNnTV,anonymous,NA,female,210,maths,3.75,2.909090909090909,2.5,3.75,2.75,2.5,3.6,2.6,2.4,3.4,3.8,2.4,1.4761904761904763,1.3333333333333333,1.4761904761904763,1
iZ5Ke,anonymous,Yes,other/pnts,54,stats,3.125,2.727272727272727,1.25,2.2857142857142856,1.75,1.75,3.2,1.2,1.6,3,1.8,1.4,1.1904761904761905,1.1904761904761905,1.1904761904761905,3
oTapN,anonymous,Yes,male,18,stats,3,2.909090909090909,2.75,2.7142857142857144,2.5,3,3,1.2,2.2,3.7,1.8,3,1.619047619047619,1,1,3
dSPKO,anonymous,Yes,female,20,maths,3.75,2.6363636363636362,2.75,4,2.875,2.75,3.5,2.6,2.2,3.9,2.8,2.6,2.761904761904762,2.4285714285714284,2.6666666666666665,4
ZmXSs,anonymous,Yes,female,18,stats,4.25,2.909090909090909,4.5,4.5,3.5,4.5,4.6,3,4,3.9,2,3.2,2.9523809523809526,2.1904761904761907,1.619047619047619,3
zGCo3,anonymous,Yes,other/pnts,19,maths,1.625,1.6363636363636365,1.75,3.5,2.875,3.25,3.1,3,2.2,3,2.4,1.6,2.142857142857143,1.4285714285714286,2.3333333333333335,2
JmGnA,anonymous,Yes,female,19,stats,3.5,2.1818181818181817,2,4.25,2.125,2,4.1,1.8,2,4.3,1.6,1.8,2.0952380952380953,1.8571428571428572,1.2857142857142858,5
TAtlY,anonymous,Yes,female,19,stats,3.5,1.6363636363636365,2.5,2.875,1,3,3.5,1,1,4.4,1.2,1.6,2.5238095238095237,1.4761904761904763,1.7142857142857142,NA
jmwSi,anonymous,Yes,female,18,maths,2.125,1.9090909090909092,1,2.125,1.875,1,2.1,1.2,1.4,2.4,2.6,1.4,1.4285714285714286,1.380952380952381,1.1904761904761905,4
K6WAN,anonymous,Yes,female,21,stats,4.375,4.090909090909091,4.75,4.5,4,4.25,4,2.8,3.6,4.7,4.4,3.8,2.7142857142857144,2.0952380952380953,2.238095238095238,3
RKrjC,anonymous,Yes,female,21,maths,4.75,4.363636363636363,4.25,5,4.25,4.25,4.9,4.4,3.6,4.9,4.6,3.6,3.142857142857143,2.9523809523809526,3.0952380952380953,4
MZjPB,anonymous,NA,non-binary,19,maths,3.875,1.9090909090909092,1,4.125,2,1,4.2,1.8,1.2,4.2,2.4,2,1.5714285714285714,1.0952380952380953,1.5714285714285714,3
OXSGm,anonymous,Yes,female,20,stats,3,2.090909090909091,1.25,2.25,1.875,1.75,3,1.6,2.2,2.8,2.6,1.4,1.2380952380952381,1.0476190476190477,1,4
pQZlb,anonymous,Yes,male,18,stats,4.125,2.8181818181818183,3.25,3.5,2.125,2.5,4.2,1.4,1.2,4.3,2,1.6,2.5238095238095237,2.1904761904761907,2.0476190476190474,NA
rFHo4,anonymous,NA,female,20,maths,2.75,1.9090909090909092,2,3.375,2.625,2,3.3,2.4,2.4,3.1,2,1.6,1.4285714285714286,1.3333333333333333,1.2857142857142858,5
DxQWx,anonymous,Yes,female,20,maths,3.5,3.272727272727273,2.75,3.5,3.125,2.75,3.5,2.6,3,4,3,3,1.8571428571428572,1.7619047619047619,1.8095238095238095,1
D27tu,anonymous,Yes,female,20,stats,2.375,1.0909090909090908,1.25,2.125,1.625,1,3.3,1.4,1,3.7,2,1,1.2857142857142858,1.3333333333333333,1.1904761904761905,3
u4hGl,anonymous,Yes,female,36,maths,2.625,2.3636363636363638,4,2.75,2,3.75,2.7,1.4,1.2,2.6,1.6,1.2,2.5238095238095237,1.4761904761904763,1.380952380952381,3
M4BLy,anonymous,Yes,female,18,stats,2.375,1.2727272727272727,1.25,3.125,2,2.75,2.6,1,1.4,2.8,1,1.4,1.8,1.619047619047619,1.1904761904761905,NA
7Rnrs,anonymous,Yes,female,20,maths,3.875,1.5454545454545454,4.5,3.25,1.5,3.6666666666666665,3.8,1.8,2.6,4.1,2.6,3,2.0476190476190474,1.380952380952381,1.25,NA
Ljcpu,anonymous,Yes,other/pnts,24,stats,2.125,2.3636363636363638,1.75,2.25,1.875,1.75,2.4,2,1.8,2,2.4,2.2,1.5238095238095237,1.4285714285714286,1.3333333333333333,4
L4Qxw,anonymous,Yes,male,19,maths,3.375,2.090909090909091,4,3.5,2.4285714285714284,4.5,3.6,2,1.2,3.5,2,1.2,2.619047619047619,2.142857142857143,1.8095238095238095,4
n33R4,anonymous,Yes,female,27,stats,2.875,1.7272727272727273,1.75,1.875,1.375,1,2.2,1,1,3.2,1.6,1.8,1.7142857142857142,1.619047619047619,1.5238095238095237,4
14hab,anonymous,Yes,female,19,maths,3.125,2.5454545454545454,2,2.875,3,2.25,4.2,1.8,2.2,4.3,3.4,2.6,2.5,1.7619047619047619,1.3333333333333333,4
A3fBz,anonymous,Yes,other/pnts,26,stats,4,2.272727272727273,5,4.125,2.375,4.75,4.4,2,3.2,4.4,2,3,3.619047619047619,2.0952380952380953,2.380952380952381,2
y9Spo,anonymous,Yes,female,19,stats,3.875,2.6363636363636362,3,3.375,2.875,3,3.7,1.8,3,3.8,2.6,2.4,2.9047619047619047,2.2857142857142856,2.380952380952381,4
uaJGu,anonymous,Yes,male,20,maths,2.5,2,1.75,2.375,2.25,2,2.8,1.8,1.8,2.5,1.8,2,1.2380952380952381,1,1.0952380952380953,2
FY4Qd,anonymous,Yes,female,19,stats,4.875,3,4.25,3.5,2.625,2.75,3.1,1,2.6,4.4,1.6,2.4,2.0476190476190474,1.3333333333333333,1.1904761904761905,3
qtaGK,anonymous,Yes,other/pnts,19,stats,4.125,2.909090909090909,2.5,3.5,3.25,1.5,3.3,1.8,2,4.5,3.8,3,2.7142857142857144,2,1.7619047619047619,4
fXyk6,anonymous,Yes,female,19,stats,2.375,1.4545454545454546,2,2.125,1.2857142857142858,1.5,1.9,1,1.2,2.5,1.2,1.2,1.380952380952381,1.2857142857142858,1.3333333333333333,NA
30f1u,anonymous,Yes,female,18,stats,2.625,2.272727272727273,2,2.625,2.5,2,2.1,1.8,2.4,2.8,2,2.4,2.380952380952381,2.0952380952380953,1.9047619047619047,3
iD9hw,anonymous,Yes,female,19,stats,3.5,3.6363636363636362,3.75,3.625,3.75,3.5,3,3.2,3.4,3.2,3,3.2,1.9523809523809523,1.6666666666666667,NA,NA
bq9vF,anonymous,Yes,other/pnts,19,stats,3.125,2.3636363636363638,2,3.125,2.125,1.75,3.3,1.4,1.4,3.2,1,1.4,1.9523809523809523,1.5238095238095237,1.7142857142857142,2
VrH7Z,anonymous,Yes,female,19,maths,3,3,3,3,3,3,3,3,3,3,3,3,3,3,3,2
ABIG8,anonymous,Yes,female,18,stats,4.5,4.181818181818182,4,4.625,4.875,4.25,4.1,3.6,4,4.6,4.8,4.6,2.0952380952380953,1.1904761904761905,2.238095238095238,3
DQMDF,anonymous,Yes,female,19,stats,3.75,2.6363636363636362,4.25,3.125,1.75,3.75,3.5,1,1.2,3.9,2.8,1.4,1.8571428571428572,1.1904761904761905,1,4
Bawej,anonymous,Yes,male,18,maths,4.625,3.909090909090909,4.5,4.25,3.125,4,3.9,2.6,2.8,4,3.6,2.8,3.3333333333333335,2.619047619047619,2.5238095238095237,3
5R6kh,anonymous,Yes,female,19,stats,1.25,1.1818181818181819,1.5,2.375,1.5,2.25,2,1,1,1.8,1,1.2,1.7619047619047619,1.2380952380952381,1.1904761904761905,3
uQ6Yl,anonymous,Yes,female,19,maths,4.875,4.363636363636363,4.5,4.375,3.875,4,3.5,1.8,2.6,4.7,3.2,3.4,2.4761904761904763,1.8571428571428572,2.2857142857142856,2
ubxCE,anonymous,Yes,other/pnts,18,maths,4.625,3.5454545454545454,2.75,4.75,3.5,4,4.7,3.2,3.4,5,4.6,4.4,2.25,1.9523809523809523,2,3
k6UDx,anonymous,Yes,male,19,stats,4.875,4,5,4.875,4.25,5,4.9,3,4.2,4.6,4,4,2.5238095238095237,1.8095238095238095,2.5238095238095237,1
hVnBV,anonymous,Yes,female,19,maths,4.375,3.272727272727273,4.25,4.625,3.25,4.25,4.5,3.2,4,4.4,3,4,2.7142857142857144,2.2857142857142856,2.5238095238095237,3
FgC2w,anonymous,Yes,other/pnts,20,stats,2.75,2.727272727272727,3,2.625,2,1.75,2.9,2,1.8,3.4,2.8,2,1.4285714285714286,1,1.0952380952380953,2
dtOna,anonymous,Yes,male,20,maths,4.125,2.1818181818181817,2.5,4.125,2.75,2.5,4.1,1.4,2.4,4.2,3,1.6,2.4285714285714284,1.5714285714285714,1.8095238095238095,NA
3fsST,anonymous,Yes,female,60,maths,4.375,3,1.5,4.5,3.125,2.25,4.2,1.2,2.6,4.9,2.2,3.2,1.619047619047619,1.2857142857142858,1.5714285714285714,3
SZWB3,anonymous,Yes,female,18,maths,4.625,4.454545454545454,2,4.625,5,2.25,4.9,4,4.2,4.9,4.2,4.6,3.4761904761904763,3.5238095238095237,1.1428571428571428,5
WhMr1,anonymous,Yes,female,19,stats,3.75,3.4545454545454546,2.75,3.625,3.125,3,4.4,3,3.4,4.2,2.4,3.2,2.3333333333333335,1.3333333333333333,1.3,2
kMNiI,anonymous,Yes,female,20,stats,4,3.909090909090909,3.5,3.625,3.375,3.5,3.9,3.4,4.4,3.3,3.4,4,2.4285714285714284,2.380952380952381,2.380952380952381,NA
0c4cs,anonymous,Yes,female,20,maths,5,4.2727272727272725,3.5,5,4.5,3.75,5,3.8,4.2,5,4.4,4.2,3.4285714285714284,3.4761904761904763,3.4761904761904763,4
X4X9u,anonymous,Yes,female,19,maths,3.625,3.090909090909091,3,3.25,3.125,3,3.6,2.6,3.6,3.8,2.8,3.2,2.238095238095238,1.2857142857142858,1.4285714285714286,1
N6FTh,anonymous,Yes,female,19,stats,4,3.3636363636363638,4,4.125,3.375,3.75,4.2,2.4,3.4,3.9,2.2,3,2.9047619047619047,1.1904761904761905,1.4761904761904763,3
QDq3A,anonymous,Yes,female,49,maths,3.75,2.4545454545454546,2.25,3.875,2.5,2.5,3.6,2,1.8,4.1,3.8,2.2,2.380952380952381,1.6666666666666667,1.4761904761904763,4
IxCJg,anonymous,Yes,other/pnts,19,stats,3.875,3.272727272727273,3.75,2.625,2,3,3.2,1.4,2.4,3.4,2,2.8,2.3333333333333335,1.5714285714285714,1.75,2
8VtOH,anonymous,Yes,female,21,maths,4.5,3.272727272727273,4.25,4.375,3,4.25,4.8,2,2.6,4.888888888888889,2.2,3.6,2.8095238095238093,2.857142857142857,2.4285714285714284,4
B9ptw,anonymous,Yes,female,18,stats,3.125,1.8181818181818181,2.5,3.375,2.375,3,3.1,1,1.2,4.1,1.6,2.2,2.4285714285714284,1.6666666666666667,1.35,3
vEL8x,anonymous,Yes,other/pnts,20,stats,2.875,2.3636363636363638,2.25,2.5,1.875,1.25,2.1,1,1.2,3.1,1.6,1.8,2.380952380952381,1.7142857142857142,1.9047619047619047,5
qYYts,anonymous,Yes,female,21,maths,2.875,3.1818181818181817,3.25,3.125,3.125,3,2.8,2.2,2,3,2.4,2,1.8571428571428572,1.1904761904761905,1.380952380952381,NA
zLJmL,anonymous,Yes,female,21,stats,3.875,3.1818181818181817,4,4.25,3.125,3.75,4.1,1.6,2.6,3.6,2.8,3,2.4285714285714284,2.4285714285714284,2.7142857142857144,1
7IBO5,anonymous,Yes,female,20,maths,3.75,2.1818181818181817,3,3.375,2,2.5,3.7,1,3,3.5,3,2.6,2.2,1.5714285714285714,1.8095238095238095,2
kcnVj,anonymous,Yes,female,19,stats,4,3.8181818181818183,4,3.625,2.875,3.75,3.6,3,3,3.7,3.6,3.4,2.45,2,3,3
BT3yn,anonymous,Yes,other/pnts,17,maths,2.375,2.3636363636363638,1.25,4,2.375,1,4.5,1.6,2,3,1,1.2,1.619047619047619,1.4285714285714286,1.45,NA
sMnDB,anonymous,Yes,female,21,stats,3.25,2.272727272727273,2.75,3,1.875,2,3.5,1.8,1.8,2.9,1.6,1.8,1.5238095238095237,1.2857142857142858,1.0952380952380953,3
leQj6,anonymous,No,female,20,stats,2.25,2,1.75,2.142857142857143,1.625,1,3.7,1.2,2.2,3.2,3.6,1.6,1.8571428571428572,1.6666666666666667,1.380952380952381,1
kPaPZ,anonymous,Yes,female,19,maths,3.25,3.090909090909091,2.75,3.375,2.875,1.75,3.6,1,2.6,3.7,3.2,3.2,2.0952380952380953,1.9523809523809523,2.0952380952380953,3
DcHno,anonymous,Yes,female,20,stats,4.125,3.4545454545454546,3.5,4.875,3.75,3.5,4.6,2.2,3.6,4.3,2.8,3.4,2.9523809523809526,3.0952380952380953,3.142857142857143,NA
Vauqd,anonymous,Yes,female,18,maths,4.5,2.5454545454545454,2.5,3.875,2.25,1.25,4.2,3,1.6,4.9,3.8,3.4,3.1904761904761907,1.4285714285714286,1.3333333333333333,3
CkUqi,anonymous,Yes,female,19,stats,1.875,1.6363636363636365,3,2.125,2.125,3.5,2.1,1,1.4,2.2,1,1.6,1.5714285714285714,1.0952380952380953,1.0952380952380953,3
i59RR,anonymous,NA,other/pnts,20,maths,4.25,3.727272727272727,4.25,4.25,3.875,4.25,4.7,2.4,3.6,4.4,2.6,3,2.238095238095238,1.1428571428571428,1.4285714285714286,4
0upnc,anonymous,Yes,female,19,stats,3.375,2.4545454545454546,3,2.875,2.375,3,2.6,1.2,1.6,2.8,2.6,2.2,2.4761904761904763,2.142857142857143,2.2857142857142856,3
ouFFF,anonymous,Yes,female,19,maths,3.375,2.4545454545454546,3,3,2,3,3.6,2,2.4,3.6,2,2.4,2.1904761904761907,2.1904761904761907,1.9047619047619047,NA
M2MI0,anonymous,Yes,other/pnts,19,stats,4.375,4.363636363636363,3,4.625,3.5,3,4.9,2.6,3.4,4.9,4.4,3.2,2.75,1.7142857142857142,1.2380952380952381,3
VX0eQ,anonymous,Yes,female,19,maths,4.25,3.8181818181818183,1,4.5,4.25,1.25,4.7,2,2,4.8,1,3,3.0952380952380953,2.142857142857143,2.4285714285714284,2
8QRNK,anonymous,Yes,non-binary,18,stats,3.125,2.272727272727273,4.75,3,2.5,4.75,3.6,1.6,2.4,3.6,1.8,2.6,2.5714285714285716,2.15,2.3333333333333335,3
qHA0y,anonymous,NA,female,18,maths,3,2,3.25,2.5,1.875,2.5,3.5,1.4,2,2.9,1.8,2.2,3,2.9047619047619047,2.5714285714285716,5
qN6C4,anonymous,Yes,female,18,maths,3.625,2.6363636363636362,2.75,3.375,2.25,2.75,3.7,2,1.8,3.6,2,1.6,2.8095238095238093,2.0476190476190474,2.0476190476190474,3
jSyAN,anonymous,Yes,other/pnts,17,stats,4,3.5454545454545454,2.25,4.5,3.125,2,4.7,2.6,2.8,4.7,4.4,3.2,3.1904761904761907,2.238095238095238,2.4285714285714284,3
m5atb,anonymous,No,other/pnts,18,maths,4,3,4,3.125,3.375,4.25,4.1,3,2.8,4.1,3.6,3,2.619047619047619,2.8095238095238093,2.8095238095238093,5
BwZMT,anonymous,Yes,female,19,maths,3.5,2.8181818181818183,1,3.75,3.125,1.25,3.8,2.4,2.2,4.4,2.4,2.6,2.0476190476190474,1.7619047619047619,1.380952380952381,NA
R2B6T,anonymous,Yes,non-binary,20,stats,3.75,3,4,2.25,2.25,2.5,2.2,1,1.8,3.8,2.2,3.6,2.7142857142857144,1.4285714285714286,1.2857142857142858,3
7suHW,anonymous,Yes,female,17,maths,2.875,2,2.75,3.875,1.375,2.75,3,1.2,2.2,3.4,2,2.2,2,1.2380952380952381,1.2857142857142858,2
p4ZE3,anonymous,Yes,female,200,stats,3,2.727272727272727,2.75,2.75,2.875,2.5,3.1,2.6,2.6,3.2,2.4,2.4,2.0476190476190474,1.1428571428571428,1.0952380952380953,2
UsFJA,anonymous,Yes,other/pnts,21,stats,3,3.1818181818181817,3.25,2.625,2.875,3.25,2.8,1.4,2,3.8,2.6,2.6,2.5714285714285716,2.238095238095238,2.3333333333333335,NA
RxCMC,anonymous,Yes,female,18,maths,4.25,3.909090909090909,2,4.75,3.625,2.75,4.8,4.8,3.2,5,5,3.4,1.8095238095238095,1.4761904761904763,2.6666666666666665,1
KH29p,anonymous,Yes,female,19,maths,2.125,2.727272727272727,2,2,2.5,2.75,2.2,2,1,3.1,3.2,1.2,1.3333333333333333,1,1.1904761904761905,0
tNLJ3,anonymous,Yes,female,20,stats,3.75,2.8,2,3.625,2.75,1.75,3.9,1.8,2.4,4,2.2,2.6,1.5714285714285714,1.2857142857142858,1.1428571428571428,NA
7aqLl,anonymous,Yes,other/pnts,17,stats,4.25,2.8181818181818183,3,4.25,2.75,3,4.6,3,3,4.6,3,3.2,2.4761904761904763,2.761904761904762,2.8095238095238093,2
17DVa,anonymous,Yes,other/pnts,19,maths,3.875,3.727272727272727,4,3.625,3.125,3.75,4.1,1.8,2,4.4,2.6,2.8,2.3333333333333335,1.3333333333333333,2.238095238095238,5
kS1iR,anonymous,Yes,female,18,stats,2.875,1.8181818181818181,3.5,3,2,2.75,3.6,1.4,1.4,3.9,1.8,1.4,2.142857142857143,1.6666666666666667,1.55,1
9vOj2,anonymous,Yes,other/pnts,20,maths,4.25,2.727272727272727,4.5,4.5,3.375,4.5,4.3,2.8,3.4,4.3,2.8,2.8,3.1904761904761907,1.4761904761904763,1.9523809523809523,NA
6BURB,anonymous,No,other/pnts,21,stats,3.875,4.2727272727272725,4.75,4.125,3.75,4.25,4.8,2,3.4,4.1,3.4,3,3.142857142857143,2.3333333333333335,2.0952380952380953,2
ywt26,anonymous,Yes,other/pnts,19,maths,2.625,1.8181818181818181,4,2.625,1.875,3.75,3.2,2.2,2.4,4.2,2.2,2.4,1.736842105263158,1,1.4761904761904763,NA
WFtTV,anonymous,Yes,female,21,maths,5,4.818181818181818,4.75,4.875,5,4.75,4.6,3.6,4.6,4.8,3.2,4.2,2.619047619047619,1.5238095238095237,2.238095238095238,2
FxA3a,anonymous,Yes,other/pnts,20,stats,2.75,2,2,3,2,2,3.9,2,1.8,3.4,2.6,1.6,1.1904761904761905,1,1,0
yIuEJ,anonymous,Yes,female,18,maths,2.375,3.090909090909091,1.5,4.25,4.125,3,4.9,4.2,4.8,2.8,3.6,3.2,2.4761904761904763,1.5238095238095237,1.7142857142857142,3
4bD0z,anonymous,NA,other/pnts,18,maths,2.625,1.8181818181818181,4.25,2.75,1.5,4,2.4,1,2.2,2.6,1.4,2.2,1.5714285714285714,1.4761904761904763,1.0476190476190477,4
Tvu4K,anonymous,Yes,other/pnts,47,stats,2.875,1,1,1.875,1.25,1.25,3.1,1,1,3.4,1,1,1.3333333333333333,1,1.0952380952380953,3
vsJ55,anonymous,Yes,female,17,stats,4.625,3.272727272727273,3.5,4.875,3.5,3,4.888888888888889,3.4,3.4,5,3.4,3.6,3.4761904761904763,3.380952380952381,2.9523809523809526,2
nyaYZ,anonymous,Yes,female,20,maths,1.625,1.2727272727272727,1.25,1.75,1.25,1,2.3,1,1.2,1.8,1,1,2.0476190476190474,1.3333333333333333,1.3333333333333333,5
7nmrS,anonymous,Yes,male,20,maths,2.875,2.4545454545454546,1,2.5,2.5,1.25,2.4,1.4,1.8,2.8,2.6,1.8,1.5714285714285714,1.5238095238095237,1.4285714285714286,3
eGI1r,anonymous,Yes,other/pnts,20,maths,3.75,2.8181818181818183,4,4.25,2.125,3.5,4.5,1.4,3.2,4.5,3.8,3.4,3.857142857142857,2.142857142857143,2.5238095238095237,2
mw4Kf,anonymous,Yes,female,19,stats,3.625,3.727272727272727,1,3.625,2.875,2,4.3,2.8,3,4.9,1.8,3.2,3.3333333333333335,3.2857142857142856,3.2857142857142856,2
8FULZ,anonymous,Yes,female,19,maths,2.5,1.2727272727272727,1.25,2.375,1.625,1,3,1.2,2.6,2.8,1.8,1.8,1.3333333333333333,1.4285714285714286,1.2857142857142858,3
tPgph,anonymous,Yes,female,20,stats,2.625,2.3636363636363638,1.75,2.25,2.25,2,3.2,2,1.8,3.2,2.8,1.6,1.4,1.2380952380952381,1.1904761904761905,NA
L0CPk,anonymous,Yes,other/pnts,18,stats,3.875,3.6363636363636362,2,3.375,3.375,2.25,3.4,2.2,2.8,4.7,1.6,3.2,2.9523809523809526,1.4761904761904763,1.2380952380952381,2
9eSGk,anonymous,Yes,female,20,maths,5,4.545454545454546,3.75,2.25,3.75,2.5,2.5,1.4,1.2,5,4.6,4.4,2.4285714285714284,1.5238095238095237,1.5238095238095237,2
3tYkD,anonymous,Yes,female,230,stats,3.625,1.7272727272727273,5,3.25,1.375,4.25,4,1,2.6,3.9,1.2,3.4,3.380952380952381,3.3333333333333335,3.4285714285714284,1
rriRG,anonymous,Yes,female,19,maths,3.5,1.3636363636363635,2,3.4285714285714284,1.5,2,4,1.2,2,3.9,2.4,2,3.3333333333333335,2.8095238095238093,3.0476190476190474,3
CWz9G,anonymous,Yes,female,22,maths,4.25,2.5454545454545454,2,3.875,3.625,3,3.7,1.6,2.6,4.2,4.2,2.6,2.6666666666666665,2.142857142857143,2.0952380952380953,4
VEsAZ,anonymous,Yes,female,20,stats,3.625,3.090909090909091,3,3.875,3.125,3.25,3.6,2.8,3,4,3.6,3.2,2.761904761904762,2.3333333333333335,2.619047619047619,NA
MuIEO,anonymous,Yes,male,22,stats,2.75,1,1,2.5,1,1,2.7,1,1,3,1,1.6,1.4285714285714286,1.0952380952380953,1.2857142857142858,NA
hL89D,anonymous,Yes,other/pnts,18,maths,4.625,3.4545454545454546,2.75,4,2.875,2.5,4.3,2,2.8,4.6,2.2,3,2.380952380952381,1.9523809523809523,2.142857142857143,4
MBn1k,anonymous,Yes,female,21,maths,3.625,3.3636363636363638,3,3.125,3.5,3,3.6,1.8,2.2,3.5,2.2,2.4,2.3,1.2857142857142858,1.9047619047619047,3
njgt8,anonymous,Yes,female,20,maths,2.875,1.9090909090909092,1.25,3.125,1.75,1,3.9,2.2,1.8,3.7,1,1.6,1.4285714285714286,1.0952380952380953,1.1428571428571428,3
GPeCC,anonymous,Yes,female,20,stats,4.875,3.090909090909091,3.75,4.375,2.75,4,4.8,3.2,3,4.9,2.4,2.8,3.142857142857143,2.238095238095238,2,3
U7rUC,anonymous,Yes,female,20,stats,3.625,2.6363636363636362,3.6666666666666665,3.625,2.875,3.5,3.2,2.8,2.4,3.5,2.6,1.8,2.4761904761904763,2.4761904761904763,2.5238095238095237,0
BOAq9,anonymous,Yes,other/pnts,20,stats,3.125,1.9090909090909092,3.5,3.25,1.5,3.25,3.3,1,2.4,3.5,1.6,1.8,1.9523809523809523,1.7619047619047619,1.380952380952381,3
57VIy,anonymous,Yes,female,20,maths,2.25,1.7272727272727273,3.75,1.625,1.125,4,1.5,1,1.6,2.8,2.2,2,1.5714285714285714,1.380952380952381,1.2857142857142858,NA
jtMtP,anonymous,Yes,female,18,maths,3.625,3.090909090909091,3,3.75,4.5,3.75,4.6,3.8,3.8,4.3,2.6,2.6,2.857142857142857,2.0952380952380953,1.7142857142857142,1
WrbdV,anonymous,Yes,female,20,stats,3.125,2.5454545454545454,2,3.375,2.375,1.75,3.3,1.4,1.2,3.2,2.4,1.6,2.380952380952381,1.9047619047619047,1.7142857142857142,1
KJnFK,anonymous,Yes,female,18,maths,3.125,1.7272727272727273,1,3,1.2857142857142858,1.25,3.3,1.6,1.4,3.6,1.8,1.6,1.5714285714285714,1.619047619047619,1.4761904761904763,5
tNuov,anonymous,Yes,female,20,stats,2.875,3.3636363636363638,3.25,2.375,3,2.5,2.1,1.6,1.6,2.6,2.2,2.2,1.9523809523809523,1.1428571428571428,1.2380952380952381,3
mNfOf,anonymous,Yes,female,20,maths,2.875,1.4545454545454546,1,3.25,1.5,1,4.2,3.2,1.8,4.3,1.8,1.2,1.2857142857142858,1.2857142857142858,1.4285714285714286,3
DoH5g,anonymous,No,female,19,stats,3.75,2.090909090909091,3,3.5,2.75,4.25,4.6,2.4,2,4.1,1.8,1.8,2.3333333333333335,1.4761904761904763,1.619047619047619,NA
BLQ0T,anonymous,Yes,other/pnts,19,maths,3.125,2.8181818181818183,2.75,3.5,2.75,3,4.5,2,1.4,4.5,3.2,2.8,2.2857142857142856,1.4285714285714286,2,2
jf3nH,anonymous,Yes,female,20,stats,3.375,2.1818181818181817,2.5,2.875,2.25,2.75,3.5,1.8,1.8,3.5,2.2,2.2,2.142857142857143,1.7619047619047619,1.8095238095238095,2
noVdw,anonymous,Yes,female,48,maths,3,4.181818181818182,4,2.75,3.875,3.5,2.1,1.8,1.2,2.7,2.6,1.8,3.238095238095238,3.142857142857143,3.4285714285714284,5
gbS51,anonymous,Yes,female,20,stats,4.25,3.5454545454545454,4.25,4.125,3.625,2.75,4.2,2.4,2.4,4.6,3,3.8,1.8571428571428572,1.7142857142857142,1.2380952380952381,1
rDPQX,anonymous,Yes,female,20,maths,4.875,3.4545454545454546,4,4.875,3.75,4.5,4.8,2.6,3.6,5,3.4,4,2.9523809523809526,1.8095238095238095,2.2857142857142856,4
swu32,anonymous,Yes,female,20,stats,4.5,3.727272727272727,4.75,4.625,3.875,4.5,4.5,3.4,3.6,4.6,4.2,3.8,3.380952380952381,2.8095238095238093,2.761904761904762,NA
Htlec,anonymous,Yes,male,190,maths,4.875,4.181818181818182,5,4.75,4,4.5,4.5,1.6,2.8,4.7,3,3.4,3.761904761904762,3.1904761904761907,3.761904761904762,3
LlCNK,anonymous,Yes,female,18,maths,3.125,2.5454545454545454,3,2.75,1.75,2.25,3,1,1.4,4,2.75,2,2.4285714285714284,1.5238095238095237,1.9047619047619047,NA
C0uUo,anonymous,Yes,female,20,stats,2.75,2.090909090909091,1.25,2.625,2.125,1,2.8,2.2,1.8,3.6,2.8,1.6,2.3333333333333335,2.4285714285714284,2,2
XNla5,anonymous,Yes,female,19,maths,1.75,2.1818181818181817,1.75,1.75,3.142857142857143,2.5,2.4,1.2,1.8,2.2,1.8,2.4,1,1,1,4
cF65b,anonymous,Yes,female,20,stats,4.25,3.272727272727273,2.75,3.875,3.5,3,3.2,2,2.4,3.6,1,2.2,2.0952380952380953,2,1.4761904761904763,4
getql,anonymous,Yes,female,20,stats,3,2.3636363636363638,2,3,2.125,1,3.2,1,1,3,1,1.6,2.4761904761904763,1.3333333333333333,1.6666666666666667,4
LONaU,anonymous,Yes,female,18,maths,3.75,3.6363636363636362,3.5,4.25,3.125,3.5,4.5,3.4,3.2,4.6,4.4,3.8,2.4285714285714284,2.4761904761904763,2.5238095238095237,NA
uhz5w,anonymous,Yes,female,21,stats,2.375,1.7272727272727273,1.5,2,1,1.75,2.6,1.2,1.4,2.4,1.75,1.4,2.0476190476190474,1.9523809523809523,1.9047619047619047,2
SaC0c,anonymous,Yes,female,19,stats,2.625,2.090909090909091,3.5,2.75,2,3.75,3,2.2,1.8,2.6,3.8,1.4,2.4285714285714284,1.5238095238095237,1.9047619047619047,2
tiMsW,anonymous,Yes,female,20,stats,4.5,4,3,3.625,1.5,3.5,4.7,3,3,5,3.8,3.6,2.238095238095238,1.5238095238095237,1.0952380952380953,1
pXcHr,anonymous,Yes,female,21,stats,4.5,2.8181818181818183,3,4.5,3.125,3.25,4.7,2.6,2.6,4.9,2,2.4,1.4761904761904763,1.1904761904761905,1.2380952380952381,2
tP3EH,anonymous,Yes,male,19,maths,2.625,2.1818181818181817,2.25,2.75,2,2.5,2.7,1,1.2,3.1,1.4,1.8,1.619047619047619,1.0952380952380953,1,3
DR76B,anonymous,Yes,female,20,maths,4.5,4,3.25,3.5,3.625,3,2.8,1,1.6,4.7,3.4,2.6,3.0476190476190474,2.238095238095238,2.0952380952380953,3
dGttD,anonymous,Yes,male,21,stats,3.375,2.4545454545454546,4,3,2,3.25,3.6,1.6,2.2,4,1.8,2,2.45,2.142857142857143,2,3
loO7K,anonymous,Yes,female,21,maths,2.375,1.9090909090909092,3.25,1.875,1.625,2.75,2.7,1.4,1.4,3.6,2.8,2.2,1.5714285714285714,1.4761904761904763,1.3333333333333333,4
XMUsl,anonymous,Yes,male,20,stats,4,3,4.75,4.25,3.125,3.75,4.2,2.2,3.2,4.2,2.8,2.8,2.761904761904762,2.0952380952380953,1.5714285714285714,3
2eaqo,anonymous,Yes,female,19,maths,2.25,2.6363636363636362,2.5,2.75,3,3.75,2.6,1.4,1.2,3.3,2.6,1.4,1.5238095238095237,1.2857142857142858,1.1904761904761905,4
Wxab9,anonymous,Yes,female,46,stats,1.75,1.3636363636363635,1,2.375,1.25,1,2.5,1.4,1,2.6,1.4,1,2.142857142857143,1.8095238095238095,1.1428571428571428,2
fysPC,anonymous,Yes,female,20,maths,3.75,2.909090909090909,2,2.5,1.875,2.25,2.7,1,1.2,4,2.6,1.6,1.2380952380952381,1.2857142857142858,1.2857142857142858,1
8NDBN,anonymous,Yes,female,20,stats,3.5,2.3636363636363638,2.5,3.625,2.5,2.25,4,1.8,3.2,3.9,1.8,3.8,1.7142857142857142,1.380952380952381,1.4761904761904763,NA
yf2Sk,anonymous,Yes,other/pnts,20,maths,3.875,3.3636363636363638,2,3.125,3.25,2.25,3.4,2.2,1.8,4.4,3.2,2.4,1.7619047619047619,1.4285714285714286,1.3333333333333333,2
G750q,anonymous,Yes,female,18,maths,2.625,2.1818181818181817,1.75,2.875,2.125,2,3.5,2.2,2,3.4,2.4,2,1.9047619047619047,1.9047619047619047,1.7619047619047619,4
jgRNK,anonymous,Yes,female,19,stats,2.75,1.2727272727272727,1.75,2.75,1.375,1.5,3.4,1.2,1.75,3.1,1.2,1.2,1.8095238095238095,1.7619047619047619,1.0952380952380953,3
td473,anonymous,No,male,18,stats,4.625,4.7272727272727275,4.25,4,4,4,3.9,4,4,4.2,4.4,4.4,2,3.0476190476190474,3.0476190476190474,2
z3Fm4,anonymous,No,female,19,maths,3.125,2,4.75,4,2.625,4.75,4.3,1.4,3.8,2.9,1.6,1.6,2.3333333333333335,1.7619047619047619,2.2857142857142856,5
eXXqe,anonymous,Yes,female,20,maths,3.25,2.5454545454545454,1.5,2.5,2,1.5,3,1.4,1.4,3.5,3.6,1.6,1.75,1.7142857142857142,1.8571428571428572,3
79bUy,anonymous,Yes,female,37,stats,3.875,2.1818181818181817,3.75,4,2.375,3.75,4.3,2.2,2,4.4,2.8,2.2,2.9047619047619047,1.9047619047619047,2.3333333333333335,2
0D7OT,anonymous,Yes,other/pnts,20,stats,1.75,1.4545454545454546,2,2.75,3,3.25,3.111111111111111,1.4,2,2.4,2,1.8,1.6666666666666667,1.1428571428571428,1.0952380952380953,2
LYiMm,anonymous,Yes,other/pnts,20,maths,2.625,3,1,2.625,2.75,1.5,3.2,1.8,1.4,3,2.4,2,2,1.4285714285714286,1.4285714285714286,NA
YyvSr,anonymous,Yes,female,20,maths,2.75,2,1,3,2,1.25,3.6,2.4,2.8,3.7,3,3.4,1.3333333333333333,1.0476190476190477,1.0952380952380953,2
XRmHi,anonymous,Yes,female,19,maths,1.125,1,1,1.375,1,1,1.5,1,1,1.1,1,1,2.0952380952380953,1.7142857142857142,1.380952380952381,4
IB3jV,anonymous,Yes,other/pnts,19,stats,2.125,1.2727272727272727,3,1.5,1,1.75,2.5,1,1,2.7,1,1,1.1428571428571428,1.0476190476190477,1.0952380952380953,NA
VFHCz,anonymous,Yes,female,18,stats,3,2.6363636363636362,3,2.375,2.75,3,2.9,2,2.4,3.8,3.4,3.4,2.380952380952381,1.6666666666666667,1.8095238095238095,NA
fL8q6,anonymous,No,female,19,maths,3.75,3.5454545454545454,3,2.75,2.625,2.25,3,1,2,3.7,3.4,3.2,2,1.2380952380952381,1.1428571428571428,5
seB6W,anonymous,Yes,male,20,stats,3.625,2.5454545454545454,2.75,3.4285714285714284,3.25,2.75,3.4,1.8,1.6,4.1,4,2.6,2.9047619047619047,2.2857142857142856,1.8095238095238095,2
9kScn,anonymous,Yes,female,20,maths,3.875,2.4545454545454546,2,3.5,2.875,2.5,3.9,2.2,2.4,4.1,1.2,2.2,2.4761904761904763,1.619047619047619,1.1428571428571428,5
uEu4N,anonymous,Yes,female,18,maths,3.5,2.090909090909091,2.25,3.5,2.375,2,3.1,1.4,1.4,3.6,3,2,2.238095238095238,2.1904761904761907,2.142857142857143,NA
caofW,anonymous,Yes,female,20,stats,4.25,3.8181818181818183,4.25,4.25,3.125,4.75,4.6,1.8,2.6,4.5,1.8,3.8,3.0952380952380953,2.9523809523809526,2.761904761904762,2
fyRug,anonymous,Yes,other/pnts,20,stats,3.875,2.5454545454545454,5,3.75,2.875,4.25,4,2.6,3,3.9,1.8,2.8,3.142857142857143,3.238095238095238,3.4285714285714284,2
QpLrh,anonymous,Yes,female,19,maths,3.25,2.272727272727273,2,3.125,1.875,2,3.8,2.4,1.8,4.1,2.6,2.2,1.5238095238095237,1.380952380952381,2.1904761904761907,2
C2yd8,anonymous,Yes,female,19,maths,5,3.727272727272727,4,5,4,3.25,5,3.4,4,5,3.6,4.2,2.238095238095238,1.7142857142857142,1.7619047619047619,NA
XdQAZ,anonymous,Yes,other/pnts,21,maths,4,3.727272727272727,3.25,3.875,3.375,3,4.5,3.2,3.4,4.3,3.8,3.6,2.7142857142857144,1.619047619047619,1.619047619047619,3
VLNR8,anonymous,Yes,female,19,stats,3.625,2.272727272727273,4,3.25,2.125,3,3.7,1.8,2.2,3.7,1.8,2.2,2.3333333333333335,1.5714285714285714,2.3333333333333335,2
YJiyx,anonymous,Yes,male,18,maths,3.5,1.9090909090909092,2.75,3.25,2.625,3.5,3.7,2,3.2,3.6,2.8,2.6,1.5714285714285714,1.15,1.380952380952381,2
2JwwB,anonymous,Yes,female,20,stats,2.875,1.8181818181818181,1.5,3.125,2,2,3,1.8,1.4,3.5,2.8,2,1.380952380952381,1.0952380952380953,1.1904761904761905,4
lWSMK,anonymous,NA,female,19,maths,3.5,1.7272727272727273,3.25,3.75,1.375,3.25,3.5,1.6,2.4,3.8,1.2,1.8,2.4761904761904763,1.3333333333333333,1.2857142857142858,2
7q31O,anonymous,NA,female,19,stats,4.625,3.3636363636363638,3.25,4.875,3.75,3,4.4,1.8,3.6,4.9,4.2,3.6,2.0476190476190474,1.619047619047619,1.8571428571428572,NA
Wkczy,anonymous,Yes,male,42,stats,3.75,3.090909090909091,3.25,3.25,2.625,3,3.5,1.6,2.4,3.7,2,2.2,2.761904761904762,1.380952380952381,1.2857142857142858,2
mUe2L,anonymous,Yes,female,19,maths,2.375,1.3636363636363635,1.75,3,2,1.25,2.5,1.6,2.4,2.1,1,1.2,2.7142857142857144,1.380952380952381,1.2857142857142858,3
O8CdZ,anonymous,Yes,female,19,stats,3.875,2.5454545454545454,3,3.25,2.625,3,3.3,1,2.2,3.6,2.6,2.2,2.761904761904762,2.0476190476190474,1.619047619047619,4
smrQ6,anonymous,Yes,other/pnts,21,maths,2.625,2,1.5,2.375,2.125,1.5,3.7,3.2,2,3.8,2.4,1.2,1.5714285714285714,1,1.2857142857142858,4
OygRR,anonymous,Yes,female,19,stats,3.625,2.5454545454545454,2,2,1.875,1,2.4,2,1,3.8,2.4,2.6,2.619047619047619,1.8095238095238095,1.2380952380952381,2
MFJt5,anonymous,Yes,male,21,stats,2.125,1.2727272727272727,1.5,3,1.875,3,3.3,1.8,1.8,2.6,1,1.6,2.142857142857143,2.238095238095238,2.2857142857142856,0
x7wPc,anonymous,Yes,female,19,stats,3.375,2.1818181818181817,1.5,3.25,1.875,1,3.9,1.2,1.2,4.1,2.8,1.8,1.5238095238095237,1.2857142857142858,1.0952380952380953,2
7q2mO,anonymous,Yes,female,20,maths,3.25,3,4.25,3.125,2.25,4.25,4.7,1.8,2.8,4.7,3.4,3,2.6666666666666665,2.0476190476190474,2.2857142857142856,4
Td2sp,anonymous,Yes,other/pnts,43,maths,3.875,2.3636363636363638,2.75,3.125,2,1.5,3,1.2,1.8,4.1,2.8,3,2.857142857142857,2.0952380952380953,2.3333333333333335,3
z96zx,anonymous,Yes,female,21,stats,3.375,3.3636363636363638,3,2.625,3,3,3.2,1.2,2.6,4.3,4.2,2.8,2.1904761904761907,1.2380952380952381,1.380952380952381,1
BQzv9,anonymous,Yes,female,20,maths,5,4.545454545454546,4,4.875,5,4,4.9,1.2,3.8,5,4.2,3.4,3.3333333333333335,2.7142857142857144,3,2
tRubH,anonymous,Yes,non-binary,21,stats,4.125,2.8181818181818183,3,4.375,3,3,4.3,2.2,2.25,4.2,2.4,2.4,1.2857142857142858,1.0476190476190477,1.619047619047619,NA
KcUpk,anonymous,Yes,female,18,maths,3.5,2.727272727272727,4,3.375,2.375,4,3.8,1.6,3,4.4,3.2,3.6,2.857142857142857,2.2857142857142856,2.5238095238095237,2
yc1im,anonymous,Yes,female,20,stats,4.5,3.272727272727273,4.75,4.375,3.25,4.5,4.8,3.6,3.6,5,3.8,3.8,2.1904761904761907,2.5238095238095237,2.8095238095238093,NA
qXrrA,anonymous,Yes,male,20,maths,4.25,3.909090909090909,1,4.125,4,1,4.5,1,2.8,4.7,3,3.4,1.6666666666666667,1.5714285714285714,1.5714285714285714,5
fMpxN,anonymous,Yes,female,20,stats,4.75,4.636363636363637,3.5,4.375,3.25,4.666666666666667,4.2,1,2.2,4,4.2,3,2.2857142857142856,1.2380952380952381,1.1904761904761905,2
MIov5,anonymous,Yes,other/pnts,20,maths,4.375,2.4545454545454546,2,4.125,2.875,2.75,4.9,2.6,3,4.9,2.6,3.8,1.7142857142857142,1.8095238095238095,1.619047619047619,NA
VSXkO,anonymous,Yes,female,19,maths,2.5,2.5454545454545454,1.75,1.75,2.375,1,1.8,1,1,2.9,1.2,2,1.4285714285714286,1.380952380952381,1.0476190476190477,4
dl5cO,anonymous,Yes,female,51,stats,3.125,2.909090909090909,2.75,3.25,3.125,2.75,3.7,3,2.4,3.6,3.6,3,2.380952380952381,1.9047619047619047,2.142857142857143,1
nm9bk,anonymous,Yes,female,17,maths,3,2.727272727272727,2,3.25,2.5,2,3.3,2,2,3.5,2,2.2,2.2857142857142856,1.9523809523809523,2.1904761904761907,NA
llurT,anonymous,Yes,female,18,stats,4.5,4,4,3.625,3.5,3.75,4.2,3,3,4.4,4.4,3,2.142857142857143,2.1904761904761907,2.1904761904761907,3
NqFOx,anonymous,Yes,male,19,stats,2.125,1.2727272727272727,1.5,2,1,1.5,2.4,1,1,2.6,1.2,1.4,2.0952380952380953,1.6666666666666667,1.4285714285714286,3
Zikvz,anonymous,Yes,female,20,maths,4.125,3.090909090909091,4,3.625,2.375,3.5,3.5,1.8,2.6,3.9,1.8,3.6,2.761904761904762,2.7142857142857144,2.5,3
4AOOf,anonymous,Yes,female,20,stats,5,4.818181818181818,5,5,4.875,5,4.5,3.2,3.8,5,5,5,3.5238095238095237,3.2857142857142856,3.380952380952381,4
H0grb,anonymous,Yes,female,19,maths,2.875,3,2.25,2.75,2.25,2,2.8,1.4,1.6,4.1,2.6,3.2,3.142857142857143,3.1904761904761907,2.619047619047619,4
EBecP,anonymous,Yes,female,19,stats,2.75,2.909090909090909,4,2.5,2.125,4,3.8,1.4,2.4,3.4,2.75,2.6,2.4761904761904763,2,1.5238095238095237,NA
mm5mY,anonymous,Yes,male,20,maths,3.25,2.4545454545454546,2.25,3.25,2.125,2.25,3.4,2.4,3,3.8,2.4,2.6,2.0476190476190474,1.619047619047619,1.5714285714285714,NA
W0GJa,anonymous,Yes,female,20,stats,3.5,3,2.75,4.125,2.75,3,4.4,2.4,2.2,4.3,2.8,3,1.1428571428571428,1,1.0952380952380953,3
3co3p,anonymous,Yes,non-binary,19,maths,2.875,1.6363636363636365,3,2.375,1.25,2.75,3,1.4,1.6,2.9,1.8,1.8,1.380952380952381,1.0476190476190477,1.1428571428571428,3
DKWAC,anonymous,Yes,male,18,stats,4.375,3.4545454545454546,4.25,3.75,2,3.5,4,2.2,2.6,4.5,1.8,2.2,2.4761904761904763,1.4285714285714286,1.4761904761904763,NA
wBIMq,anonymous,Yes,male,19,stats,3.625,1.6363636363636365,3,3.625,2.125,3.3333333333333335,3.9,2,2.2,4,2,2,3.0476190476190474,2.857142857142857,2.761904761904762,NA
Ovi8C,anonymous,Yes,female,20,maths,1.25,1.1818181818181819,2.25,1.375,1.5,1.75,1.4,1,1,1.1,1.8,1,1.7619047619047619,1.2380952380952381,1.2380952380952381,2
FQ9jA,anonymous,Yes,female,19,stats,3,3.6363636363636362,4,3,3,3,3,3,3,3.4,3.4,3.2,2.761904761904762,3,3,3
kl0sP,anonymous,Yes,female,18,maths,4,3.3636363636363638,3.75,2.875,2.125,2,3,1.2,1.8,4.4,2.8,3.6,2.619047619047619,2.6666666666666665,2.4285714285714284,4
iXfgl,anonymous,Yes,female,18,stats,4,2.090909090909091,1.5,2.125,1.375,1,2.4,1,1,4.3,1.8,1.4,2.5714285714285716,1.5714285714285714,1.619047619047619,1
KjaQK,anonymous,Yes,female,18,maths,4.75,4.363636363636363,4.5,4.375,3.875,4.25,4.4,3,3.8,4.4,3.8,4,2.4285714285714284,3.4285714285714284,3.142857142857143,4
fvTHz,anonymous,Yes,female,19,stats,3,2.727272727272727,3.75,3,2.375,3.5,4,2.6,1.6,4,3.2,1.4,2.142857142857143,2.1904761904761907,1,2
ziCb2,anonymous,Yes,other/pnts,19,maths,3.5,1.8181818181818181,4.25,3.625,1.625,4.25,3.9,1,1.4,3.6,1,1.6,3.0952380952380953,2.4761904761904763,2.4285714285714284,4
mgU6J,anonymous,Yes,female,18,maths,3.75,3.8181818181818183,3.5,4.375,4,3.5,3.9,3.8,4,3.9,4,3.4,2.5238095238095237,2.380952380952381,2.4761904761904763,3
oYLJv,anonymous,No,female,19,stats,3.5,1.6363636363636365,1.75,2.75,1.75,2.5,2.8,1.4,1,3.2,1.6,1.6,2.619047619047619,2.8095238095238093,2.380952380952381,2
jmLsY,anonymous,Yes,female,18,maths,3.875,3.727272727272727,3.5,3.875,4,3.5,3,2.2,3,4.3,3.8,3.8,3.0476190476190474,2.0952380952380953,3.6666666666666665,2
F6UhY,anonymous,Yes,female,18,stats,2.75,2.6363636363636362,4,2.875,3.625,3.25,3.3,3.2,2.6,3.1,3.6,2.2,1.8095238095238095,1.9047619047619047,1,1
oGu48,anonymous,Yes,other/pnts,18,stats,3.75,1.7272727272727273,2.5,3.875,2.25,2.5,4.1,2.2,2,4.6,2,2.2,2.238095238095238,1.9047619047619047,2.0476190476190474,4
11RWE,anonymous,Yes,other/pnts,18,maths,3.375,3.5454545454545454,4,3.125,3.5,3.75,3.4,1.2,2.6,3.9,3.6,2.6,2.5714285714285716,1.7619047619047619,1.6666666666666667,2
zEubx,anonymous,Yes,non-binary,18,maths,3.625,3.3636363636363638,5,4,3.625,3.6666666666666665,4.1,2.8,3.8,4.9,4.2,3.8,2.7142857142857144,2.3333333333333335,1.1428571428571428,NA
UoCiQ,anonymous,Yes,female,44,stats,3.75,3.1818181818181817,3.6666666666666665,4,3.375,3.5,3.8,2.6,2.4,4,2.8,3,2.142857142857143,1.6666666666666667,2,NA
Y4hX5,anonymous,Yes,other/pnts,17,maths,3,3,3,3,3,3,3,3,3,3,3,3,2,2,2,3
IxAfx,anonymous,Yes,female,19,stats,3.625,2.272727272727273,2,3.875,2.75,2.5,3.6,1.6,2,3.7,1.8,2,3.0952380952380953,3.0952380952380953,1.5238095238095237,3
0qtaJ,anonymous,Yes,female,19,maths,4.5,3.6363636363636362,2.75,3.75,2.625,2,4.3,2.8,2.6,4.7,3.8,3,1.9523809523809523,1.0952380952380953,1.4761904761904763,1
hO1d9,anonymous,Yes,female,18,maths,3.375,3.3636363636363638,2.25,3.125,3.125,2.25,3.8,1.8,2.4,3.8,3.6,2.4,2.6666666666666665,2.4285714285714284,2.4285714285714284,1
kRMUF,anonymous,Yes,female,19,stats,2.375,1.8181818181818181,1.75,1.8571428571428572,1.25,2,2.7,1.2,1,2.6,1,1,2.9047619047619047,1,1.0952380952380953,1
8a4cQ,anonymous,Yes,female,18,stats,2.5,2.5454545454545454,3,2.5,2,2.75,2.7,2.2,1.8,2.8,3.4,2.4,1.619047619047619,1.2857142857142858,1.2380952380952381,2
zDLXV,anonymous,Yes,female,19,maths,4.5,4.090909090909091,4.75,3.125,3.625,3.5,3.5,3.2,3.4,4.4,4.2,4.6,2.3333333333333335,2.142857142857143,2.4761904761904763,2
VAsax,anonymous,Yes,male,19,maths,3.75,3.090909090909091,4,3,2.625,3.5,3.2,1.6,2.2,4,2.2,3,2.4285714285714284,1.5238095238095237,1.4761904761904763,4
YBBpv,anonymous,Yes,male,20,stats,4.5,3.4545454545454546,4,4.5,4.5,4.75,4.8,3.8,4.2,4.5,3.6,3,2.761904761904762,2.761904761904762,1.2857142857142858,2
wJTzk,anonymous,Yes,other/pnts,19,stats,3.125,2.090909090909091,2.5,2.25,1.625,2,3.4,1,1.6,3.6,2,2,1.619047619047619,1,1.2380952380952381,1
yI4K6,anonymous,Yes,male,19,maths,4,3.8181818181818183,3.75,3.75,3.75,4.25,4,1.8,2.2,4.3,1.2,2.6,1.9523809523809523,2.238095238095238,2.142857142857143,NA
5P1SM,anonymous,Yes,female,21,stats,4,2.272727272727273,1,3.75,3,1,4.4,2.2,2,4.5,3,2.2,2.4761904761904763,2.142857142857143,2.619047619047619,1
iPxF0,anonymous,Yes,female,19,maths,4.5,3.4545454545454546,1,4,2.875,1.5,4.3,2.8,1,4.7,3.6,1.8,1.3333333333333333,1.1904761904761905,1.5714285714285714,2
WBwEl,anonymous,Yes,female,18,stats,3.25,1.3636363636363635,3.75,2.75,1.25,3,3.4,1.2,2,3.1,1.4,2,3.4761904761904763,2.619047619047619,1.7142857142857142,NA
Jfu4H,anonymous,NA,male,18,maths,4.25,2.6363636363636362,2.75,4.125,3,3,4.9,3.6,4.2,3.8,3.4,3.2,1.619047619047619,1.5714285714285714,1.5714285714285714,NA
fIkUH,anonymous,Yes,male,18,maths,4.375,2.6363636363636362,2.75,4,2.25,3.25,3.7,1.8,2.4,4.4,2.8,2.6,2.3684210526315788,2.142857142857143,1.3333333333333333,5
ELGp5,anonymous,Yes,male,18,maths,3.375,2,4.25,3.375,2.625,4.5,3.7,1,1.8,4,3.6,2.6,1.5238095238095237,1,1.4761904761904763,NA
WzwfL,anonymous,Yes,female,19,stats,4.5,1.7,2.25,4.5,1.875,2.75,4.4,1.2,1.4,4.6,1.8,2,2.142857142857143,1.4285714285714286,1.9523809523809523,2
yOdXf,anonymous,Yes,other/pnts,18,stats,4.375,2.272727272727273,5,4.428571428571429,3,5,4.3,1.2,2.4,4.8,2.6,2.8,3.6666666666666665,3.7142857142857144,3.761904761904762,NA
zFO0Y,anonymous,Yes,female,20,maths,4,3.4545454545454546,3.75,3.5,3.5,3.25,3.5,1.2,1.2,3.8,4.2,3.8,2.857142857142857,2.8095238095238093,2.142857142857143,4
RhYFX,anonymous,Yes,other/pnts,20,maths,4.875,4.545454545454546,4.5,5,4.5,4.25,4.9,4.4,4.8,5,3.6,4.6,2.9047619047619047,2.619047619047619,3.380952380952381,2
KaPny,anonymous,Yes,male,19,stats,2.875,3.3636363636363638,4.5,1.875,1.625,2.25,2,1.8,2,3.4,3.4,2.6,2.142857142857143,1.5714285714285714,2.0476190476190474,2
zL7Ou,anonymous,Yes,female,20,maths,3.125,1.2727272727272727,1.5,3.375,1.625,1.75,2.9,1,1.2,2.8,1,1,2.3333333333333335,2.380952380952381,2.4285714285714284,NA
CXCEY,anonymous,Yes,female,19,stats,3.75,3.4545454545454546,4.25,3.125,2.5,2.75,3.9,1.6,2.6,4.4,2,2.6,2.9523809523809526,2.619047619047619,2.3333333333333335,NA
s94aP,anonymous,Yes,female,19,maths,4.125,3.1818181818181817,3.25,4.25,3,2.75,4.5,1.2,4,5,4,4.6,2.0952380952380953,1.619047619047619,2.0952380952380953,2
ucGBA,anonymous,Yes,female,19,stats,4.5,2.8181818181818183,4,4.125,2.75,4,4.6,1.8,2.8,4.9,4.2,3.2,2.0476190476190474,1.9047619047619047,1.9047619047619047,1
Wa4i1,anonymous,Yes,male,20,maths,4.875,4.2727272727272725,5,4.875,3.857142857142857,5,5,1.8,4,5,2.2,3.8,3.8095238095238093,3.0952380952380953,3.0952380952380953,NA
nQtEb,anonymous,Yes,female,19,stats,4,2.090909090909091,3.25,3.875,2,3.25,5,2.2,2.8,4.8,3.4,3.2,2.238095238095238,1.2857142857142858,1.1904761904761905,NA
DoFNW,anonymous,Yes,other/pnts,18,maths,4.5,3.4545454545454546,4,4.5,3.25,3.75,4.4,3.4,3.6,4.8,4.6,4.2,2.9047619047619047,1.1904761904761905,1.619047619047619,2
GtuVx,anonymous,Yes,female,18,stats,4.375,1.4545454545454546,4.25,4.25,1.625,4.666666666666667,4.2,1.6,2,4,2,1.8,2.238095238095238,1.7619047619047619,1.5714285714285714,3
rOXvR,anonymous,No,female,19,maths,4.375,2.909090909090909,4.25,2.125,2.375,3.25,2.2,1,1.4,4.4,3.4,4.6,2.1904761904761907,2.3333333333333335,2.7142857142857144,3
eFBcM,anonymous,NA,female,19,stats,3.875,4.090909090909091,1,4.125,3.875,1.5,4,3.4,3.4,4,3.8,3.4,1.0952380952380953,1.0952380952380953,1.0952380952380953,1
BaEJT,anonymous,Yes,female,19,maths,3.25,2.090909090909091,1,3,2.125,1,3.7,1.8,2.4,3.5,2.6,1.2,1.7142857142857142,1.7619047619047619,1.6666666666666667,4
bbEVT,anonymous,Yes,other/pnts,20,maths,1.375,1.0909090909090908,1,1.5,1.125,1,1.6,1,1,2.3,1,1,1.619047619047619,1.0476190476190477,1.1428571428571428,1
9mpUu,anonymous,Yes,other/pnts,52,stats,4.125,1.9090909090909092,3.25,3.375,2.375,3.25,4.5,2.2,1.8,4.3,3.8,2.2,2.0476190476190474,1.8571428571428572,1.6666666666666667,2
faZaK,anonymous,Yes,female,18,stats,4.5,3.272727272727273,3.5,4.125,3.25,2.75,4.6,1.4,3.2,4.7,2.6,3.4,3.0952380952380953,3,3.380952380952381,2
kmG6j,anonymous,Yes,female,19,stats,3,2.4545454545454546,2.5,2.625,2,2,2.3,1.2,1,3.4,2.8,2,1.5238095238095237,1.2857142857142858,1.2857142857142858,2
asHWN,anonymous,Yes,female,20,maths,4.875,3.090909090909091,4,4.75,2.75,4,4.8,2.8,3.6,4.9,1.2,3.8,2.1904761904761907,1.4761904761904763,1.4761904761904763,5
M8Oxv,anonymous,Yes,female,19,stats,3.125,1.6363636363636365,3.75,2.75,1.125,3,3.9,2.4,1.4,3.4,2.6,1.4,2.761904761904762,1.1428571428571428,1.2380952380952381,1
w3VSM,anonymous,Yes,female,16,maths,3.75,2.3636363636363638,2,3.625,2.25,2.75,4.2,1.4,1.6,4.1,2.4,1.8,2.1904761904761907,2.4285714285714284,1.9047619047619047,NA
8oJjk,anonymous,Yes,female,18,maths,2.125,1.5454545454545454,2,2.625,1.5,2,2.4,1,1.2,2,1.6,1.6,1.380952380952381,1.1904761904761905,1.3333333333333333,3
3U4eV,anonymous,Yes,female,19,stats,3.375,2.090909090909091,2,3.375,2.5,2,3.5,1.4,1.8,3.7,2.8,1.6,2.0476190476190474,1.7619047619047619,2.142857142857143,NA
25pc7,anonymous,Yes,female,19,maths,2.5,1.5454545454545454,1.75,2.875,1.75,2,2.9,1,1.4,3.7,2.6,2.2,2.0952380952380953,2.3333333333333335,2.5714285714285716,2
X94fv,anonymous,Yes,female,21,stats,3.875,3.6363636363636362,2.75,4.428571428571429,3,2.75,4.1,2.4,3.4,4.4,3.2,3.8,2.1904761904761907,1.7142857142857142,1.8571428571428572,NA
AIDGD,anonymous,Yes,female,19,maths,2.875,1.7272727272727273,2,3,1.25,1.5,3.3,1.4,1.2,3.7,1.4,1.6,2.142857142857143,1.9047619047619047,1.7619047619047619,3
NdYHw,anonymous,Yes,male,17,stats,3.875,1.6363636363636365,3,4.5,1.75,3.25,4,1.2,2.6,4,1.2,2.4,2.0476190476190474,1.8095238095238095,2.0952380952380953,NA
x84Lq,anonymous,Yes,female,19,maths,3,1.6363636363636365,1.25,2.75,1.1428571428571428,1,3.3,1.2,1,3.2,1.75,1,1.4761904761904763,1.6666666666666667,1.7142857142857142,NA
mVFza,anonymous,Yes,other/pnts,19,stats,4.125,3.1818181818181817,4,4.875,3.5,4.5,4.6,3.8,4.4,4.2,1.8,3.2,2.7142857142857144,2.238095238095238,3.2857142857142856,2
s4P5c,anonymous,NA,female,17,maths,1.75,1.6363636363636365,2.25,1.875,1.375,2,2.2,1,1.4,2.5,2,1.8,2.238095238095238,1.9047619047619047,1.4285714285714286,4
lGp5b,anonymous,Yes,female,17,stats,3.625,2.727272727272727,2.5,3.625,3,2.75,3.8,2.8,2.2,3.8,2.8,2.2,2.142857142857143,2.0476190476190474,1.619047619047619,1
kytPK,anonymous,Yes,other/pnts,19,stats,3.125,1.5454545454545454,1.25,3.625,2,2,3.5,1,2.8,3.1,1.2,2,1.7142857142857142,1.3333333333333333,NA,3
