id_code,gender,gc_score,syn_graph_col,syn_seq_space,scsq_imagery,scsq_techspace,scsq_language,scsq_organise,scsq_global,scsq_system
1,0,NA,No,Yes,4.88,2.06,3.33,2.67,1.5,2
2,0,NA,No,Yes,4.82,2.18,5,4,1.13,4.83
3,1,NA,No,Yes,3.59,3.35,2.83,2.33,2.13,3.5
4,0,NA,No,Yes,4.71,2.82,4.67,3.33,2.25,3.83
5,1,1.4,Yes,Yes,4.65,3.47,4.83,2,2.5,4.5
6,0,1.34,Yes,No,4.06,2.88,4.67,4,4.13,2
7,0,1.3,Yes,Yes,4.71,2.76,3.67,2.83,3,2.83
8,0,1.19,Yes,No,4.47,2.76,3.67,1.83,2.5,2.33
9,0,1.03,Yes,Yes,4.12,2,4,3.33,3.88,1.5
10,0,1.02,Yes,No,3.71,2.41,4.5,3.17,1.88,2.17
11,0,1,Yes,No,3.41,3.53,3.5,4,2.5,3.83
12,0,0.96,Yes,Yes,3.53,1.47,2.83,2.33,2.75,2.17
13,0,0.95,Yes,No,3.88,2.59,4.67,3,2.63,3.5
14,0,0.9,Yes,No,3.53,3.47,4.83,1.5,2.38,2.33
15,0,0.89,Yes,Yes,4.29,3.41,5,2.67,3.38,3.5
16,0,0.86,Yes,No,4.71,3.53,4.83,2.33,1.75,4.17
17,1,0.85,Yes,No,4.29,4.06,4.33,4,2.38,4.33
18,0,0.85,Yes,Yes,4.53,3.53,3.5,3.5,2.88,2
19,0,0.84,Yes,No,4.12,2.88,4,2.17,2,2.83
20,0,0.84,Yes,Yes,3.94,3.88,4.67,3.17,1.88,3.5
21,1,0.83,Yes,Yes,3.94,3.06,4.5,3.17,2.38,3
22,0,0.82,Yes,No,3.94,2.94,3.5,2.33,2.88,2.5
23,1,0.82,Yes,No,3.65,3.41,4,2.83,2.75,2.33
24,0,0.78,Yes,No,4,1.41,5,2.17,3.25,3
25,0,0.74,Yes,Yes,3.53,2.59,4,2.67,4,3
26,0,0.72,Yes,Yes,4.47,1.82,3,2,2.13,2.17
27,0,0.72,Yes,Yes,3.71,3.12,5,4,2.13,2
28,0,0.71,Yes,Yes,4.65,4.35,4.67,3.33,2.63,2.17
29,1,0.69,Yes,No,2.65,3.65,3.5,3,4.38,2
30,0,0.63,Yes,Yes,4.12,2,4.83,3.83,2.38,3.67
31,0,0.62,Yes,No,4.71,3.41,4.83,3.83,2.75,3.17
32,1,0.62,Yes,No,3.35,3.18,4.5,3.33,3.5,3.5
33,0,0.61,Yes,Yes,4.12,3.94,4.33,1.83,2.13,3.17
34,0,0.58,Yes,Yes,4.35,3.12,4.83,2.67,2.88,3.5
35,0,0.57,Yes,No,3.41,3.35,4.83,2.17,2.5,4
36,0,0.56,Yes,No,5,2,4.83,5,2.63,3.5
37,0,0.56,Yes,Yes,4.53,2.18,5,3.5,2.25,3.5
38,0,0.55,Yes,Yes,3.94,3.76,4.83,3.83,3.25,2.83
39,0,0.54,Yes,Yes,4.82,3.82,4.5,3.5,3,2
40,0,0.51,Yes,No,3.82,3,4.33,2.67,3,3.17
41,0,0.5,Yes,No,4.47,3.76,3.17,4.33,3.13,2.67
42,0,0.48,Yes,No,3.88,2.76,4,2.83,2,3.5
43,0,0.46,Yes,No,4.12,2.41,3.83,2.33,3,2.5
44,0,0.46,Yes,Yes,4,2.65,4.83,3.83,3,4
45,0,0.46,Yes,Yes,3.94,4.24,3.67,2.83,2.88,3.17
46,0,0.39,Yes,Yes,4.71,3.12,4.83,3.83,2.25,1.67
47,0,0.35,Yes,No,3.82,2.82,3.67,3.83,2.13,1.83
48,0,NA,No,No,3.82,3.65,3.17,3.33,4,2.17
49,0,NA,No,No,4.35,2.71,3.83,3.83,2.13,3.5
50,0,NA,No,No,3.29,2,3.67,2.17,2.25,3.17
51,0,NA,No,No,2.18,3.35,3.83,4,2.63,1.83
52,0,NA,No,No,3.88,2.82,3.67,2.83,2.75,2.5
53,0,NA,No,No,3.47,2.76,4.83,2.17,3.75,3
54,0,NA,No,No,3.88,1.94,3.83,4.17,3,3.33
55,0,NA,No,No,4.29,2.35,2.33,4.33,3.38,1.5
56,0,NA,No,No,2.41,1.94,3.17,1.67,3.5,2.67
57,0,NA,No,No,3.71,2.41,4.5,4,3.25,2.5
58,0,NA,No,No,3.29,2.35,1.83,3.33,2.75,1.5
59,0,NA,No,No,3.76,2.41,3.33,3,3.5,2.5
60,0,NA,No,No,2.59,4.06,3.5,3,4.25,1
61,0,NA,No,No,3.18,2.94,3.5,3,2.88,2.17
62,0,NA,No,No,3.76,2.65,3.5,3.17,3.25,2.17
63,0,NA,No,No,3.59,3.47,2.17,4.33,3,3.17
64,0,NA,No,No,3.71,1.82,4.33,3.67,3,1.83
65,0,NA,No,No,3.76,2.29,3.33,4.33,4.75,1.33
66,0,NA,No,No,3.53,2.82,4,3.5,3,3.83
67,0,NA,No,No,2.82,3,4.17,3.67,2.63,2.33
68,0,NA,No,No,4.12,3.47,3.5,2.33,1.75,3.17
69,0,NA,No,No,3.29,2.35,4.17,2.33,3.25,2.33
70,0,NA,No,No,2.94,2.94,3.67,3.33,4.13,2
71,0,NA,No,No,4.12,2.94,5,1.83,2.38,3.67
72,0,NA,No,No,3.65,3.12,4.67,4.17,2.88,3
73,0,NA,No,No,3.29,3.29,3.67,3.5,3.25,1.5
74,0,NA,No,No,4.18,3.18,2.67,3.33,2.75,3.5
75,0,NA,No,No,3.82,2.12,2.67,3.17,3.25,2.83
76,0,NA,No,No,3.76,1.94,4.5,2.33,3,1.83
77,0,NA,No,No,3.65,3.41,4.67,4.67,2.75,2.33
78,0,NA,No,No,3.12,3.65,3.5,2.67,2.63,2.67
79,0,NA,No,No,4.24,2.88,4.5,3.83,2.25,2.67
80,0,NA,No,No,3.76,3.12,3,2.83,3.38,2.17
81,0,NA,No,No,3.47,1.71,4.5,3,2.63,3.33
82,0,NA,No,No,4.06,2.65,2.33,3.17,2.75,1
83,0,NA,No,No,4.29,2.76,2.5,3,3.13,2
84,0,NA,No,No,3.82,2.18,4,1.83,2.25,3
85,0,NA,No,No,3.82,2.06,3.33,3.67,2,2
86,0,NA,No,No,4.06,3.53,4.33,2.83,1.88,3.5
87,0,NA,No,No,4.35,2.65,3.17,3.83,2.88,1.83
88,0,NA,No,No,4.18,3.18,3.67,2.67,2.38,1.5
89,0,NA,No,No,3.47,2.59,3,2.17,3,2.83
90,0,NA,No,No,2.53,3.29,3.67,2,2.5,4
91,0,NA,No,No,4.06,2.41,3.67,3.5,2.63,2.33
92,0,NA,No,No,3.53,2.59,3.83,3.83,2.5,2.67
93,0,NA,No,No,3.59,3.06,3.33,1.83,2.88,3
94,0,NA,No,No,3.41,3.18,3,3.33,1.88,2.33
95,0,NA,No,No,4.65,4.35,4.33,4.33,2.75,3.33
96,0,NA,No,No,4.24,3.24,3,3.67,3,3.33
97,0,NA,No,No,3.65,3.65,5,3.67,2.63,3.33
98,0,NA,No,No,2.94,3.18,3.5,3.5,2.75,3.67
99,0,NA,No,No,2.59,2,3.83,2.5,4,2.33
100,0,NA,No,No,3.41,2.71,3.17,3,3.5,2.83
101,0,NA,No,No,3.65,3.71,3.83,2.5,3,3
102,0,NA,No,No,3.35,1.94,2.83,2.67,3.5,2
103,0,NA,No,No,3.76,3.88,2.67,4.67,3.38,2.67
104,0,NA,No,No,3.06,2.71,3.83,2.17,2.38,2
105,0,NA,No,No,3.76,2.88,3.33,2,2.75,1.83
106,0,NA,No,No,4.41,1.76,5,3.17,1.13,2.67
107,0,NA,No,No,3.24,2.59,3.83,2.83,2.63,2.83
108,0,NA,No,No,3.65,2.41,3.17,2.5,3.25,2.17
109,0,NA,No,No,3.71,2.88,4.17,3.67,2.75,3
110,0,NA,No,No,2.94,2.35,4.17,2.17,2,2.33
111,0,NA,No,No,4.35,2.71,4.33,3.5,2.63,2.83
112,0,NA,No,No,4.18,3.47,4.17,3,2.5,3.17
113,0,NA,No,No,4.24,3.41,4.83,2.83,1.75,3.67
114,0,NA,No,No,4.71,3.18,4.67,2.5,2.75,3.5
115,0,NA,No,No,3.88,3.18,3,3.5,2.88,2.33
116,0,NA,No,No,2.76,1.41,2.5,2.67,4,2.67
117,0,NA,No,No,4,2.82,3.33,3,2.13,3.17
118,0,NA,No,No,3.71,2.35,2.67,4.17,3.75,3.17
119,0,NA,No,No,4.65,3.12,4.17,2.5,2.88,2.83
120,0,NA,No,No,3.88,2.76,3.83,2,3,3.5
121,0,NA,No,No,3.76,3.59,3.67,2.83,2.75,2.33
122,0,NA,No,No,3.53,3.06,3,2.67,3.88,1.67
123,0,NA,No,No,2.24,2.59,4.5,3.5,3.5,1.83
124,0,NA,No,No,3.82,2.94,3.17,3.17,3.5,2.67
125,0,NA,No,No,3.82,3.06,4,4,2.25,2.5
126,0,NA,No,No,3.65,2.53,2.33,2.5,2.25,3
127,0,NA,No,No,3.47,2.94,3,3.5,3.5,2
128,0,NA,No,No,4.41,3,3,1.5,3.13,2.5
129,0,NA,No,No,4.12,3.53,4.17,4.17,2.88,3.17
130,0,NA,No,No,4,2.35,3.33,3.67,2.5,3.33
131,0,NA,No,No,4.71,2.94,3.83,3.67,2.63,2.33
132,0,NA,No,No,3.76,3,3.83,2.5,2.75,2.33
133,0,NA,No,No,3.71,2.71,4.17,3,3.38,2.17
134,0,NA,No,No,3.29,2.82,2.83,3,3.13,2
135,0,NA,No,No,3.53,2.94,3.5,3.83,2.88,2.5
136,0,NA,No,No,3.29,2.35,2.5,2.67,2.88,2.5
137,0,NA,No,No,3.29,2.71,2.83,3.67,3.38,1.83
138,0,NA,No,No,2.71,3.18,2.33,2.5,3.5,1.67
139,0,NA,No,No,3.41,3.24,2.83,3,3.13,3.83
140,0,NA,No,No,3.12,1.76,4.33,3.17,3.38,2.67
141,0,NA,No,No,3.82,1.82,3.17,3.5,3.63,2.33
142,0,NA,No,No,3.59,2.71,2.33,3.5,4,2.33
143,0,NA,No,No,3.88,2.35,3.17,1.5,2.75,1.83
144,0,NA,No,No,4.24,3.18,3.83,4.17,3,1.33
145,0,NA,No,No,4.29,1.41,4.67,3.33,1.88,3.17
146,0,NA,No,No,4.12,3.06,3.17,3.17,2.38,3
147,0,NA,No,No,3.65,2.29,4.33,3.5,3.75,2.83
148,0,NA,No,No,3.88,2.41,2.5,2.17,2.75,3
149,0,NA,No,No,3.82,2.82,3,2.5,1.75,1.83
150,0,NA,No,No,3.82,3.71,5,3.33,1.25,4.17
151,0,NA,No,No,4.71,3.76,4.5,4,2,4.67
152,0,NA,No,No,4.12,2.12,3.67,4,2.88,2
153,0,NA,No,No,3.59,3.71,2.83,3.5,3.13,3.83
154,0,NA,No,No,3.88,4,3.33,4.17,3.25,3.17
155,0,NA,No,No,3.18,2.76,4.33,2,3.38,3.33
156,0,NA,No,No,4.59,2.71,2.17,2.83,2.38,3
157,0,NA,No,No,3.06,1.76,3.17,1.83,3.63,4.17
158,0,NA,No,No,4.59,4,1,3.67,2,4.17
159,0,NA,No,No,3.29,2.88,3.33,3,3.88,1.67
160,0,NA,No,No,3.65,2.24,2.83,4,2.75,1.83
161,0,NA,No,No,3.53,2.47,3.67,3,3,2.83
162,0,NA,No,No,3.24,3.29,3,3.17,2.38,3.17
163,0,NA,No,No,3.41,2.24,3.67,4,2.5,2.5
164,0,NA,No,No,2.94,2.47,3.5,2.33,4,2
165,0,NA,No,No,3.82,2.76,3.83,2,2.75,2.17
166,0,NA,No,No,3.82,3.71,4,4.33,2.5,3.17
167,0,NA,No,No,3.82,2.41,3.83,3.83,3.88,1.5
168,0,NA,No,No,3.82,3.59,3.83,3.67,2.88,1.67
169,0,NA,No,No,3.82,2.71,2.83,3.17,2.75,2.83
170,0,NA,No,No,3.53,3.12,4.17,3.5,2.5,3.5
171,0,NA,No,No,4.06,2.06,3.83,4,2.25,2.83
172,0,NA,No,No,4,2.12,4.33,1.67,2.88,2
173,0,NA,No,No,3.82,2.82,4.67,3.67,2.5,3.33
174,0,NA,No,No,3.88,3.29,3.17,1.67,3.13,2.83
175,0,NA,No,No,4,3.41,4,3.5,2.5,3.33
176,0,NA,No,No,3.35,2.29,2.33,2.83,3.38,2.83
177,0,NA,No,No,4.06,2.65,4.5,3,2.63,2.83
178,0,NA,No,No,4,2.71,2.67,3.67,2.38,3.67
179,0,NA,No,No,3.76,2.71,4.83,3.33,2.75,2
180,0,NA,No,No,3.06,3.47,2.83,3.5,3.38,3
181,0,NA,No,No,3.06,1.59,4.33,1.5,2.75,2.17
182,0,NA,No,No,4.12,2.82,4.5,4.67,2,3.67
183,0,NA,No,No,4,2.47,3.5,2.33,2.13,2.5
184,0,NA,No,No,3.29,1.88,3.83,2.67,3.63,2
185,0,NA,No,No,3.88,2.24,2.67,3.83,2.63,2.33
186,0,NA,No,No,4.24,2.71,3.67,3,2.88,2.33
187,0,NA,No,No,3.94,3.06,3.17,3.5,3.75,2.5
188,0,NA,No,No,3.94,2.76,4,3.17,3.75,3.5
189,0,NA,No,No,3,2.41,2.83,2.67,3.38,2.17
190,0,NA,No,No,2.94,2.88,5,3.5,3.25,3.17
191,0,NA,No,No,3.29,2.24,4.33,4.17,3.88,1.33
192,0,NA,No,No,3.76,2.94,3,3,3.25,3.5
193,0,NA,No,No,3.88,2.24,4.33,1.67,2.75,2.83
194,0,NA,No,No,3.76,2.18,3.33,3.83,2.88,2.5
195,0,NA,No,No,3.94,1.88,4.33,2.5,3.63,1.83
196,0,NA,No,No,2.82,1.29,2.67,1.83,2.63,1.67
197,0,NA,No,No,2.82,2,2.67,3.33,3.5,1.83
198,0,NA,No,No,3.29,2.29,3.67,2.5,2.5,2.33
199,0,NA,No,No,3.12,2.35,2.5,3.17,3.5,2.33
200,0,NA,No,No,3.35,2.82,2.67,2.67,3.25,2.33
201,0,NA,No,No,3.59,2.06,2.5,3.17,2.88,1.33
202,0,NA,No,No,4,3.59,3,3.83,2.75,1.83
203,0,NA,No,No,3.06,2,4.17,3,2.75,4
204,0,NA,No,No,3.59,2.88,4.17,4,2.25,2.83
205,0,NA,No,No,3.35,2.47,2.67,2.83,4,2.5
206,0,NA,No,No,4.29,2.59,3,2.83,2.75,3
207,0,NA,No,No,3.82,2.94,2.5,2.67,3.38,1.33
208,0,NA,No,No,3.53,2.82,5,2.33,4.88,4.17
209,0,NA,No,No,3.82,3.24,4.67,3.33,2.75,2.33
210,0,NA,No,No,4.82,2.35,3.67,3.83,2.38,2
211,0,NA,No,No,3.71,1.47,3.83,2.17,2,2.83
212,0,NA,No,No,3.35,3.29,2.67,3.83,2.38,1.83
213,0,NA,No,No,3.47,3.29,3.83,2.67,3.25,1.67
214,0,NA,No,No,3.82,2.47,4.83,3.67,2.5,2.83
215,0,NA,No,No,3.41,2.47,3.5,3,3.25,2.33
216,0,NA,No,No,3.12,2.94,4,3.5,2.13,2.67
217,0,NA,No,No,3.29,3.24,4.83,3.67,3.75,3
218,0,NA,No,No,4.18,3.41,3.83,3.33,2.63,2
219,0,NA,No,No,3.29,2.59,4.33,3.5,4,2.33
220,0,NA,No,No,4.24,3.76,4.83,1.83,2.38,4
221,0,NA,No,No,3.94,2.71,3.83,4.17,2.75,3.5
222,0,NA,No,No,3.47,3.06,3.83,4.5,1.88,3.67
223,0,NA,No,No,4.12,2.24,3.17,3.33,2.13,1.67
224,0,NA,No,No,3.94,3.41,4.17,3.83,1.88,4
225,0,NA,No,No,3,2.29,2.5,3.83,3.38,1.67
226,0,NA,No,No,3.12,2.94,2.83,2.17,3.5,2.83
227,0,NA,No,No,3.24,2.24,3.67,3.5,3.88,2.83
228,0,NA,No,No,3.41,2.82,3.5,3,3.5,2.83
229,0,NA,No,No,4.71,3.06,3.83,3,2.38,2.17
230,0,NA,No,No,3.82,2.65,3.83,3.83,2.75,3.17
231,0,NA,No,No,4.53,2.82,3.67,2.17,2.25,2.67
232,0,NA,No,No,4,2.59,2.5,2,3.25,2.17
233,0,NA,No,No,2.76,3.06,3.17,2.5,2.38,3.33
234,0,NA,No,No,4.65,2.65,4.67,3,2.75,2.33
235,0,NA,No,No,3.41,2.65,3.83,3.83,3.5,2.67
236,0,NA,No,No,3.59,2.76,3.67,3.67,3.25,3
237,0,NA,No,No,1.76,1.71,2,3.33,3.63,1.83
238,0,NA,No,No,4.76,2.41,2.17,3.67,2.13,1
239,0,NA,No,No,3.59,2.24,2.83,2.67,3,1.67
240,0,NA,No,No,4.18,3.24,4.33,5,1.63,3.33
241,0,NA,No,No,4.06,2.41,3.33,2.83,2.63,2
242,0,NA,No,No,3.41,2.65,2.83,2,3.38,2
243,0,NA,No,No,3.76,2.82,4.33,3.17,1.63,3.83
244,0,NA,No,No,2.94,2.94,4.5,3.67,3.5,3
245,0,NA,No,No,3.71,2.35,3.33,3,4.25,1.67
246,0,NA,No,No,3.24,2.82,4,2.83,3.63,2.17
247,0,NA,No,No,4,2.12,3.67,1.67,2.25,2.33
248,0,NA,No,No,3.12,3.29,2.83,3.5,3.38,2.67
249,0,NA,No,No,4.18,3.41,3.33,3.17,2.88,2.83
250,0,NA,No,No,3.24,2.53,3.83,3.33,2.5,2.67
251,0,NA,No,No,3.41,2.24,4.5,3.5,2.5,2.33
252,0,NA,No,No,4.47,4,4.33,3.67,1.63,1.83
253,0,NA,No,No,3.88,2.82,3,2,3.25,2.5
254,0,NA,No,No,3.53,2.71,4.33,2.67,3.38,2.5
255,0,NA,No,No,3.47,2.47,3.67,3,2.88,2.83
256,0,NA,No,No,4.18,2.76,4.67,3.83,2,3.5
257,0,NA,No,No,3.82,4.06,2.5,4.17,2.88,3
258,0,NA,No,No,3.71,3.12,4.17,2,2.5,3.67
259,0,NA,No,No,3.59,2.35,3.5,3.83,2.63,3
260,0,NA,No,No,3.71,2.53,3.67,3,2.88,2.83
261,0,NA,No,No,3.71,3,4.83,2.83,2.63,3.83
262,0,NA,No,No,3.35,2.94,3.83,3.67,3.5,3.67
263,0,NA,No,No,3.94,2.82,4,2.33,3,2
264,0,NA,No,No,2.94,2.94,2.67,2.67,2.5,3
265,0,NA,No,No,3.94,2.35,3,2.83,2.88,2.67
266,0,NA,No,No,3.59,2.18,4.67,3.33,1.88,2.33
267,0,NA,No,No,3.65,2.94,4.17,2,2.75,3.17
268,0,NA,No,No,3.53,2.35,3,3.33,3,2.17
269,0,NA,No,No,3.94,1.88,3.83,1.83,2.88,3
270,0,NA,No,No,2.94,3.06,4.83,3,3.63,2.83
271,0,NA,No,No,3.82,2.65,3,3.83,2,3.83
272,0,NA,No,No,4.53,1.53,3.83,2.5,3.63,2.67
273,0,NA,No,No,2.82,2.76,4.33,2,3.25,3.17
274,0,NA,No,No,3.88,2.59,3.17,3.17,3.63,2
275,0,NA,No,No,3.65,2.47,4.67,2.67,2,2.17
276,0,NA,No,No,3.41,2.24,3.33,2.83,2.75,1.67
277,0,NA,No,No,3.35,3.06,3.5,3.83,3,3
278,0,NA,No,No,4.29,3.12,4.17,3.17,2.75,2.17
279,0,NA,No,No,3.94,2.18,3.67,2.67,2.5,2
280,0,NA,No,No,3.71,2.47,3.5,3.83,2.38,1.67
281,0,NA,No,No,4.29,3.29,4.83,2.33,1.5,2
282,0,NA,No,No,4.35,2.47,4.67,4.33,2.75,3
283,0,NA,No,No,3.59,3.06,4.17,3.83,3.25,3.67
284,0,NA,No,No,3.88,2.76,3.83,2.17,2.75,2.83
285,0,NA,No,No,3.71,2.59,4,3.5,3.13,2.5
286,0,NA,No,No,3.18,2.59,4,2.83,3.25,2.67
287,0,NA,No,No,4.24,2.82,3.83,3,3,2.67
288,0,NA,No,No,3.76,3,3.5,3.83,2.13,3
289,0,NA,No,No,2.59,2.53,3,2.5,3.75,3
290,0,NA,No,No,3.76,2.94,3.33,3.5,3,2.17
291,0,NA,No,No,3.88,3.12,2.83,1.83,2.75,2.17
292,0,NA,No,No,3.94,3.41,4.33,4.5,2.25,3.5
293,0,NA,No,No,3.76,3.24,2.5,2.67,3.75,2
294,0,NA,No,No,3.29,2,4.83,3.83,2.25,3
295,0,NA,No,No,3.65,2.18,3,3,3.38,2
296,0,NA,No,No,3.29,1.65,4.17,2.5,2.25,1.83
297,0,NA,No,No,3.29,3.41,4,2.67,3.13,3.17
298,0,NA,No,No,4.88,3.82,5,4.33,3,2.67
299,0,NA,No,No,3.59,2.06,4,3.33,3.5,1.83
300,0,NA,No,No,3.94,2.41,4,2.5,2.63,2
301,0,NA,No,No,4.18,3,4.67,2.83,2.63,2.5
302,0,NA,No,No,3.76,2.47,3.67,3.33,3.38,2.83
303,0,NA,No,No,3.59,2.06,4.83,4,2.5,2.67
304,0,NA,No,No,3.65,2.53,3.33,3.5,3,2.67
305,0,NA,No,No,3.94,3.71,4.17,3.5,2.88,1.83
306,0,NA,No,No,3.59,2.24,2.83,3.17,2.88,2.17
307,0,NA,No,No,3.71,2.41,4,2.5,2.38,2.67
308,0,NA,No,No,3,2.29,3.17,1.17,3.38,2.17
309,0,NA,No,No,3.53,3.29,4,2.17,2.63,3.33
310,0,NA,No,No,4.41,3.47,3.83,1.33,1.75,2.83
311,0,NA,No,No,3.76,2.35,3.5,3.17,3.25,3.17
312,0,NA,No,No,3.94,3.53,3.67,1.83,2.13,2.33
313,0,NA,No,No,3.53,2.12,3,1,4.13,4
314,0,NA,No,No,4.18,2.53,4.33,3.33,3.38,2.83
315,0,NA,No,No,3.41,2.06,3.83,2,2.88,2.83
316,0,NA,No,No,3.47,2.53,4.33,2.83,3.13,2.83
317,0,NA,No,No,3.59,1.59,4.17,2.67,3.25,2.83
318,0,NA,No,No,3.18,2.53,2.83,3.5,2.88,3.17
319,0,NA,No,No,4.35,3.53,3,4.5,2.75,3
320,0,NA,No,No,3.82,2.65,3.5,3,2.5,3.67
321,0,NA,No,No,4.24,1.71,2.83,3.67,3.25,1.33
322,0,NA,No,No,3.47,3,3.33,3.17,3.13,3
323,0,NA,No,No,4.18,3.12,3.67,4,3.63,2.5
324,0,NA,No,No,2.71,2.76,3.5,3.33,2.63,3.33
325,0,NA,No,No,3.82,3.35,3.17,2.17,3.13,3.5
326,0,NA,No,No,4.29,2.82,4.33,2.67,2.38,2.33
327,0,NA,No,No,3.24,2.82,3.17,3.5,2.75,3
328,0,NA,No,No,4.24,1.53,4.33,3.5,2.25,3.17
329,0,NA,No,No,3,3,3,3,3,3
330,0,NA,No,No,2.59,1.82,3.33,2.5,3.88,1.67
331,0,NA,No,No,3.59,2.53,3.33,3.5,3.13,2.17
332,0,NA,No,No,3.59,2.47,4.67,3.5,3,2.33
333,0,NA,No,No,4.12,1.65,3.33,2.5,3.13,2.67
334,0,NA,No,No,3.82,3.12,3.83,3.33,3.13,3.33
335,0,NA,No,No,3.82,2.82,3,3.67,3.25,3
336,0,NA,No,No,3.59,2.88,3.17,3.17,2.88,3.33
337,0,NA,No,No,3.88,2.76,3,3,3.38,2.67
338,0,NA,No,No,3.24,2.53,4.33,3.67,2.75,3.33
339,0,NA,No,No,2.94,3.82,2.33,3.17,3.75,3
340,0,NA,No,No,4.29,3.18,2.5,3.33,2.63,2.83
341,0,NA,No,No,4.29,1.88,3.83,3.33,3.5,1.17
342,0,NA,No,No,2.65,3.29,2.33,2.67,3.75,1.83
343,0,NA,No,No,3.88,2.94,3.33,4,2.63,2
344,0,NA,No,No,3.88,2,3.67,2,3.5,1.5
345,0,NA,No,No,4,2.59,2.83,2.33,3.5,2.67
346,0,NA,No,No,3.53,2.82,3.5,3.17,2.88,1.67
347,0,NA,No,No,4.06,2.82,4.33,3.83,2.25,2.17
348,0,NA,No,No,4.18,2.88,3.67,2.33,2.38,2.33
349,0,NA,No,No,3.76,3.47,3.17,2.67,2.25,2.33
350,0,NA,No,No,3.06,3.06,2.67,2,2.63,2.17
351,0,NA,No,No,3.71,4,1.83,2.17,2.75,2.67
352,0,NA,No,No,2.71,1.59,2.17,2.5,2.63,2.17
353,0,NA,No,No,4.12,1.76,4.17,3,4.13,4.33
354,0,NA,No,No,4,3.82,1.67,3.67,2.5,3.33
355,0,NA,No,No,3.24,2.82,3.5,2.5,2.63,2.5
356,0,NA,No,No,4.12,2.82,3.5,4.5,3.13,3.67
357,0,NA,No,No,3.29,2.47,4.33,3,2.88,2.5
358,0,NA,No,No,3.82,2.71,3.67,3,3,3
359,0,NA,No,No,3.76,2.18,4.33,4.17,3.25,3.5
360,0,NA,No,No,4,3,3.67,3.83,3.13,2.67
361,0,NA,No,No,4.41,3.29,3.83,3.17,2.13,3.17
362,0,NA,No,No,3.41,2.71,3.67,3.5,2.88,1.83
363,0,NA,No,No,3.65,1.53,5,4.5,2.38,4
364,0,NA,No,No,3.71,3.53,4,3.33,3,3.5
365,0,NA,No,No,4.24,3.71,4.5,2,2.38,2.5
366,0,NA,No,No,3.24,2.82,4,2.33,3.5,3
367,0,NA,No,No,4.24,2.41,3.83,3.67,1.63,3.33
368,0,NA,No,No,3.53,2.47,3.5,4.17,2.13,3.33
369,0,NA,No,No,3.76,3.12,3.83,3.83,2.63,3
370,0,NA,No,No,4.47,2.29,2.5,2,2.75,3.33
371,0,NA,No,No,4,2.41,2.33,4,2.88,2.67
372,0,NA,No,No,4.53,2.94,3.67,2,2.5,1.83
373,0,NA,No,No,3.35,1.65,3,1.83,3.25,2.5
374,0,NA,No,No,4.29,2.71,3.67,3,3.38,2.83
375,0,NA,No,No,3.82,3.06,3,3.33,3,2.67
376,0,NA,No,No,3.59,2.65,4.83,3.5,3.63,2.67
377,0,NA,No,No,4.06,2.35,2.83,3.17,3.5,2.17
378,0,NA,No,No,4.12,2.41,4.67,2.17,2.75,1.83
379,0,NA,No,No,3.29,2.06,2.67,2.17,3.5,1.83
380,0,NA,No,No,3.29,1.94,4.5,2.83,3.63,3.5
381,0,NA,No,No,3,2.12,4.33,2.5,3.88,2.5
382,0,NA,No,No,3.06,2.59,2.33,3.33,2.75,2
383,0,NA,No,No,4.06,3.29,3,3,2.5,2.67
384,0,NA,No,No,3.35,1.71,5,2.5,4.13,3.17
385,0,NA,No,No,4,2.12,2.67,3.5,3.75,2
386,0,NA,No,No,3.53,1.41,3.5,2.67,1.75,2.33
387,0,NA,No,No,3.71,2.59,2.5,2.83,2.63,2.5
388,0,NA,No,No,4,2.88,3.33,2.33,3,2.33
389,0,NA,No,No,3.06,2.88,1.67,2.67,3.5,1.5
390,0,NA,No,No,3.12,2.76,3,3.17,2.63,2.83
391,0,NA,No,No,3.82,1.88,4,3,3.5,2.83
392,0,NA,No,No,3.53,2.76,4.17,3.33,3.13,2.83
393,0,NA,No,No,3.88,2.59,3.5,3.5,2.75,3
394,0,NA,No,No,4.29,3.53,2.83,3.33,2.13,3.5
395,0,NA,No,No,4,2.41,4.67,1.83,3.38,3.67
396,0,NA,No,No,4,2.47,3.67,3.5,3.38,2.5
397,0,NA,No,No,4.18,2.82,4.5,3,2.25,2.5
398,0,NA,No,No,4.18,3,2.33,2.83,2.38,2
399,0,NA,No,No,3.59,2.29,3.17,3,3.13,2.33
400,0,NA,No,No,4,3,3.5,3,2,1.67
401,0,NA,No,No,4.06,2.18,1.5,3.33,3.38,1
402,0,NA,No,No,3.71,2.65,3.17,3.33,3,3.17
403,0,NA,No,No,3.41,1.94,3.5,3.17,3.38,2.67
404,0,NA,No,No,3.76,2.71,3.83,3.17,3,2.33
405,0,NA,No,No,3.06,3.18,3.33,2.83,3.38,2.67
406,0,NA,No,No,4.53,1.82,3.17,2.17,3.13,2.83
407,0,NA,No,No,3.59,3.88,3,4,3,2.67
408,0,NA,No,No,4.41,2.41,4.17,2.17,1.88,3.33
409,0,NA,No,No,3.76,4,3.83,3.17,2.75,3.67
410,0,NA,No,No,3.59,2.18,3.5,3.5,3,3.67
411,0,NA,No,No,3.59,2.47,3,3.5,3.13,1.67
412,0,NA,No,No,3.18,1.94,2,2.5,2.5,2
413,0,NA,No,No,4.53,3.76,4.33,2.83,2.13,3.33
414,0,NA,No,No,4.41,2.82,3.83,2.67,3.5,1.67
415,0,NA,No,No,3.24,2.47,1.33,2,3.5,1.33
416,0,NA,No,No,4.59,2.41,4.67,2.5,2.38,3
417,0,NA,No,No,2.94,2.47,3.5,3.67,3.38,3.17
418,0,NA,No,No,3.53,2.82,2.5,2.67,3.25,2
419,0,NA,No,No,3.12,2.29,3.33,3.33,3.88,2
420,0,NA,No,No,3.41,2.35,3.33,3.67,2.88,2.5
421,0,NA,No,No,3.82,2.65,3.5,2.33,2.63,2.67
422,0,NA,No,No,4,2.65,2.67,2.83,2.38,2.5
423,0,NA,No,No,3.24,2.24,2.67,3.5,3,3.17
424,0,NA,No,No,4.12,3.06,4,2,3,2.33
425,0,NA,No,No,3.65,2.71,3.67,3.83,2.63,1.67
426,0,NA,No,No,2.94,3.35,2.83,2.17,3.63,1.17
427,0,NA,No,No,4.06,3.18,3.33,3.5,3,2
428,0,NA,No,No,3.88,3.18,3.33,3.67,3.38,3.17
429,0,NA,No,No,4,1.41,3.5,4,2.88,1.83
430,0,NA,No,No,3.24,2.47,3.17,2.67,3.25,2.33
431,0,NA,No,No,3.65,2.59,2.83,2.33,3.5,2.67
432,0,NA,No,No,4.24,1.94,2.17,3.5,2.38,2.17
433,0,NA,No,No,4.24,2.06,5,2.67,2.38,2.67
434,0,NA,No,No,3.59,2.82,3.5,3.17,3,3.17
435,0,NA,No,No,3.71,2.53,4,4,3.75,2.67
436,0,NA,No,No,3.71,1.82,3,2,2.88,2.67
437,0,NA,No,No,3.71,2.94,2.83,2.33,2.75,1.83
438,0,NA,No,No,2.29,2.88,3,2.83,4,2.33
439,0,NA,No,No,3.59,2.24,4.33,3.5,3.63,3
440,0,NA,No,No,4.12,2.88,4.33,4.17,2.63,3.5
441,0,NA,No,No,4.12,2.76,4,4.33,3.13,2.33
442,0,NA,No,No,3.71,2,2.5,3.83,2.75,3.33
443,0,NA,No,No,4.06,3.06,2.5,4.17,2.5,2.67
444,0,NA,No,No,3.53,2.35,3.83,2.67,3.5,2
445,0,NA,No,No,3.53,3.35,4.33,3.5,2.25,4
446,0,NA,No,No,2.65,3.29,3.5,1.67,3.75,2.67
447,0,NA,No,No,3.53,2.53,3.33,3,2.5,2
448,0,NA,No,No,3,3.94,2.67,3.67,4,3.67
449,0,NA,No,No,4.06,3.35,4.83,3,3.25,2.67
450,0,NA,No,No,3.94,3.47,4.17,3.33,2.13,3.5
451,0,NA,No,No,3.29,1.71,2.67,1,3,1.33
452,0,NA,No,No,3.71,2.35,3,3,3.25,2.33
453,0,NA,No,No,3.94,3.88,4.17,3.83,1.75,4
454,0,NA,No,No,3.41,1.94,2.83,3.5,4.25,1.33
455,0,NA,No,No,3.29,3.12,3.17,2.83,3.38,1.83
456,0,NA,No,No,3.71,3.53,2.17,3.67,2.25,2.67
457,0,NA,No,No,2.71,3.12,3,3,3.25,2
458,0,NA,No,No,3.47,3.18,3.5,2.33,3.63,2.33
459,0,NA,No,No,4.12,2.76,4.17,4,2.75,2.67
460,0,NA,No,No,3.24,1.53,3.17,4.17,2.88,1.33
461,0,NA,No,No,3.29,2.35,3,2.67,3,1.67
462,0,NA,No,No,4.29,2.18,4.17,3.5,2.13,2
463,0,NA,No,No,4.06,3.88,4,3.5,3.63,3.67
464,0,NA,No,No,3.82,3.35,3.5,3,2.75,2.33
465,0,NA,No,No,3.76,3.06,3.33,2.67,3.5,3
466,0,NA,No,No,2.29,3.06,2.5,2.33,4,3.33
467,0,NA,No,No,4.06,2.82,2.83,2.5,3.5,1.17
468,0,NA,No,No,1.24,2.06,4,3.83,3.25,3.5
469,0,NA,No,No,3.35,2.88,3.67,3.17,3,3
470,0,NA,No,No,3.76,3.12,4.67,3.5,2.25,3.5
471,0,NA,No,No,4.18,2.47,4.67,2.17,2.75,2.5
472,0,NA,No,No,4.18,2.65,3.67,4,2.5,2.83
473,0,NA,No,No,3.71,3,3.83,3,3,2.83
474,0,NA,No,No,4,3.18,3.83,4,3,2.5
475,0,NA,No,No,2.53,1.76,3.83,2.33,3.38,2.83
476,0,NA,No,No,4.18,2.76,2,3,2.63,2.5
477,0,NA,No,No,3.71,3,3.83,3.83,3,3.33
478,0,NA,No,No,3.88,2,4.17,2,3,1.67
479,0,NA,No,No,4.06,2.76,3.5,3.83,3.75,1.67
480,0,NA,No,No,3.82,3.24,3.67,3,3.13,2.33
481,0,NA,No,No,3.82,3.47,4.17,2.83,3,3
482,0,NA,No,No,2.94,3.12,3.33,3,2.75,2.83
483,0,NA,No,No,3.76,3.88,2.33,2.67,2.5,2
484,0,NA,No,No,4.47,1.35,2.67,1.83,3.38,1.67
485,0,NA,No,No,3.71,2.24,2.67,3.67,3.13,2
486,0,NA,No,No,2.94,3,2.83,3,3.38,2.33
487,0,NA,No,No,4.88,2.18,4.33,1.67,1.13,4.33
488,0,NA,No,No,3.47,2.12,3.83,2.17,3.88,2.67
489,0,NA,No,No,2.82,2.53,3.33,3.5,3.38,1.5
490,0,NA,No,No,3.41,3.35,3.5,3.33,2.38,3
491,0,NA,No,No,3.06,3,3,2.83,3.13,3
492,0,NA,No,No,3.29,1.53,3.5,2.5,3.63,2.5
493,0,NA,No,No,3.94,2.29,3.67,3.67,4.63,2.33
494,0,NA,No,No,4,3.12,4.5,3.67,2.13,2.67
495,0,NA,No,No,3.35,2.53,3.17,2.33,4,2.17
496,0,NA,No,No,4,2.82,4.67,3.17,2.88,3.17
497,0,NA,No,No,3.88,2.59,3.83,3.83,2.63,2
498,0,NA,No,No,3.24,2.06,4.17,2.83,3.25,1.83
499,0,NA,No,No,4.35,1.94,4.5,2.33,3.13,2.5
500,0,NA,No,No,4.06,3.18,3.5,4,4.13,2.33
501,0,NA,No,No,4.53,2.76,3.17,3,2.88,2.33
502,0,NA,No,No,3.76,4.06,4,4.17,3.13,2.67
503,0,NA,No,No,3.18,2.65,4.17,2.67,3.13,2.17
504,0,NA,No,No,4.12,2.94,2.33,3.5,3,1.17
505,0,NA,No,No,3.76,2.59,4,3.67,2.25,2.17
506,0,NA,No,No,4.12,3.12,3.67,4.33,2.5,2.17
507,0,NA,No,No,3.24,3.18,3.33,2.83,2.75,2.33
508,0,NA,No,No,3.59,2.47,2.83,3.67,3.25,2.33
509,0,NA,No,No,3.88,3.35,4.17,3.67,2.38,3.17
510,0,NA,No,No,3.82,2.53,2,2,2.5,2.5
511,0,NA,No,No,3.06,2.82,2.67,3.33,3.75,2.17
512,0,NA,No,No,3.18,1.71,4,2.33,3.13,3
513,0,NA,No,No,3.18,2.47,4.33,3.33,3.25,3.33
514,0,NA,No,No,3.76,2.12,4.33,3.5,3.13,2.67
515,0,NA,No,No,3.94,2.24,4.33,3.33,3,3.67
516,0,NA,No,No,4.47,3.53,3.5,3.5,2.25,3.17
517,0,NA,No,No,4.24,2.47,2.67,3.83,2.63,1.83
518,0,NA,No,No,2.71,2.71,2.83,2.5,3.75,2.33
519,0,NA,No,No,3.12,2.35,3.5,2.17,3.38,2.33
520,0,NA,No,No,3.47,2.47,4.5,3.83,2.13,2.83
521,0,NA,No,No,3.76,1.94,3,2.33,2.88,1.5
522,0,NA,No,No,3.76,2.71,3.67,2,3.13,2.33
523,0,NA,No,No,3.82,3.41,4.33,3.17,3.13,1.17
524,0,NA,No,No,3.18,2.53,2.5,3.83,3,2.33
525,0,NA,No,No,3.94,3.12,4.67,4.33,2.25,3.83
526,0,NA,No,No,3.53,2.24,3.33,2,2.88,2.67
527,0,NA,No,No,3.94,3.29,3.67,3.5,2.25,3.33
528,0,NA,No,No,3.71,3.47,3.5,2.33,3.13,3
529,0,NA,No,No,4.76,3.35,2.67,3.67,2,2.67
530,0,NA,No,No,3.94,3.06,3.5,4.33,3,2.33
531,0,NA,No,No,3.88,2.12,3.5,2.83,2.25,2.17
532,0,NA,No,No,3.41,2,2.33,3.17,3.38,1.83
533,0,NA,No,No,3.24,3.18,4.67,3.33,3.75,2.33
534,0,NA,No,No,3.18,3.24,4.67,3.33,3.5,2
535,0,NA,No,No,4.29,3.59,4,2.67,2.75,1.67
536,0,NA,No,No,4.24,3.35,2.5,4,2.38,2.5
537,0,NA,No,No,1.94,1.24,2,1,3,2.33
538,0,NA,No,No,3.82,3.12,4.33,2.5,1.75,3
539,0,NA,No,No,4.18,3.59,3.67,3.5,2.5,2.67
540,0,NA,No,No,3.94,2.41,2.17,2.83,2.75,1.67
541,0,NA,No,No,3.82,2.76,3.33,3.17,3.63,3.67
542,0,NA,No,No,3.47,2.88,3.5,3.83,4,1.67
543,0,NA,No,No,3.82,2.53,3.17,3.67,4.38,2.33
544,0,NA,No,No,3.59,2.18,4.5,2,2.88,1.33
545,0,NA,No,No,4.24,2.41,3.5,3.67,2.5,2.67
546,0,NA,No,No,3.88,2.76,3.5,3.67,3.63,2
547,0,NA,No,No,3.82,3.29,1.83,3.5,2.63,2.83
548,0,NA,No,No,4.76,2.29,3.5,2.83,2.38,1.83
549,0,NA,No,No,3.71,2.41,2.67,2,3.63,2
550,0,NA,No,No,3.47,2.71,3.67,3.83,2.88,2.33
551,0,NA,No,No,3,3.12,2.17,3.67,3.63,3.83
552,0,NA,No,No,3.82,3,3,3.67,1.88,1.67
553,0,NA,No,No,3.59,2.82,3.17,3.33,3,2.33
554,0,NA,No,No,3.88,2.24,3,4.83,2.75,2.83
555,0,NA,No,No,3.18,2.53,2.33,3.33,3.38,2.67
556,0,NA,No,No,4.06,2.94,3.83,2.17,2.75,2
557,0,NA,No,No,3.82,3.06,3,3.67,3.13,3.5
558,0,NA,No,No,2.88,2.88,3.17,2.17,3.25,1.83
559,0,NA,No,No,3.12,2.53,3.5,2.67,3.5,1.83
560,0,NA,No,No,3.29,2,4.33,2.17,4.38,2.5
561,0,NA,No,No,1.94,1.47,1.67,1,3,1.67
562,0,NA,No,No,3.47,2.47,2.67,3.33,3.75,2.17
563,0,NA,No,No,4.18,3,3.5,3.67,3.13,2.17
564,0,NA,No,No,3.53,2.29,3.33,3.67,2.75,2.67
565,0,NA,No,No,3.94,3.53,3.67,2.33,3.25,3
566,0,NA,No,No,4.24,2.76,2.33,2.83,3.38,2.17
567,0,NA,No,No,3.59,3.53,3.5,3.5,2.63,2.33
568,0,NA,No,No,3.94,2.65,3,3.67,2.5,3.17
569,0,NA,No,No,3.59,3.06,3.33,3.33,3,2.17
570,0,NA,No,No,4.12,2.53,4.5,2.5,3.25,3
571,0,NA,No,No,3.76,2.88,3.17,3.67,3.13,2.5
572,0,NA,No,No,4.35,4.47,3.67,4.17,1.88,2.67
573,0,NA,No,No,3.76,2.82,3.5,3.17,3.13,2.5
574,0,NA,No,No,3.88,2.71,3,2.67,3.88,2.33
575,0,NA,No,No,4.47,3.24,4,3.67,2.25,3
576,0,NA,No,No,3.76,2.76,3.5,2,3.75,2.5
577,0,NA,No,No,3.53,3.06,3.5,2.17,3.13,1.5
578,0,NA,No,No,4.18,2.35,3.67,2.67,3,1.83
579,0,NA,No,No,2.47,2.59,3,3,3.88,2.67
580,0,NA,No,No,3,3,3,3,3,3
581,0,NA,No,No,3.88,3.65,4.83,2.67,3,2.83
582,0,NA,No,No,3.29,2.59,4,3.67,3.13,2.67
583,0,NA,No,No,4,2.82,2.17,3.5,2.75,2.33
584,0,NA,No,No,2.71,3,4.83,2.83,2.63,2.83
585,0,NA,No,No,4,2.35,4,2.83,3.25,3.17
586,0,NA,No,No,4.18,2.82,4.17,3.33,1.75,3
587,0,NA,No,No,4.47,2.24,3.83,4.17,2.63,2.83
588,0,NA,No,No,3.18,2.47,4,3.5,3,3.17
589,0,NA,No,No,4.12,3.12,3.5,3.17,3.25,1.83
590,0,NA,No,No,3.06,2.06,2.67,2.5,3.75,1.5
591,0,NA,No,No,4.47,2.76,4.67,2.5,2.38,2.5
592,0,NA,No,No,3.88,1.76,4.67,1.67,4.25,3
593,0,NA,No,No,3.94,2.65,3.5,2.83,3.25,1.83
594,0,NA,No,No,3.24,2.12,2,2.67,4.25,2.67
595,0,NA,No,No,2.53,4.18,3.17,3.67,2,2.67
596,0,NA,No,No,3,2.53,4.83,3.5,4,2.17
597,0,NA,No,No,4.53,4.29,5,5,2.5,4.33
598,0,NA,No,No,3.47,2.59,3,3.17,2.38,1.33
599,0,NA,No,No,3.53,2.53,2.83,2.5,3.63,2.17
600,0,NA,No,No,4.24,2.88,3.5,3.67,2.38,3.17
601,0,NA,No,No,3.06,2.82,3.33,2.5,3.38,2.5
602,0,NA,No,No,3.94,2.65,3.5,3.67,3.88,2.83
603,0,NA,No,No,3.88,2.29,4.5,2.83,2.75,2.33
604,0,NA,No,No,4.18,2,2.5,4.17,3.63,2.33
605,0,NA,No,No,2.76,2.06,4.17,2.17,3.75,1.67
606,0,NA,No,No,2.88,3.06,3,2.83,2.88,2.67
607,0,NA,No,No,4.41,3.82,4.17,3,2.88,3.17
608,0,NA,No,No,3.65,3.35,3.5,2.67,2.38,2.33
609,0,NA,No,No,3.29,2.18,4.17,4.17,3.13,2.67
610,0,NA,No,No,4,3.65,3.17,3.83,3.13,2.5
611,0,NA,No,No,3.71,2.53,2.83,3.5,3,2.33
612,0,NA,No,No,3.94,3.35,3,3,2.5,2.83
613,0,NA,No,No,3.94,2.29,3.5,3.67,3.25,2
614,0,NA,No,No,3.76,2.53,3.5,2.83,3.38,1.83
615,0,NA,No,No,4.47,1.94,3.17,2.67,3.63,3.17
616,0,NA,No,No,3.18,2.71,3.67,3.5,3.63,3.17
617,0,NA,No,No,2.94,2.94,3,3.33,3.25,2.17
618,0,NA,No,No,3.12,2.94,2.83,3,2.75,3
619,0,NA,No,No,3,1.82,3.5,3.67,4,3.33
620,0,NA,No,No,4.41,2.53,3.5,3.5,2.88,2.5
621,0,NA,No,No,3.65,3,3.83,3,3,3.17
622,0,NA,No,No,4.24,2.35,3.5,3.17,4.5,3
623,0,NA,No,No,3.65,2.35,3.17,3.17,3.5,2
624,0,NA,No,No,4.06,2.76,2.83,2.83,2.63,2.5
625,0,NA,No,No,4.24,3.12,3,3.5,3,3.33
626,0,NA,No,No,3.71,2.65,4.33,2,3.25,2.33
627,0,NA,No,No,3.59,1.29,3.83,3.67,3.13,2.67
628,0,NA,No,No,3.35,2.41,3.5,3.33,2.75,3.33
629,0,NA,No,No,3.82,3.06,4,2.83,2.75,2.67
630,0,NA,No,No,3.41,3.06,4,3.5,2.5,3.33
631,0,NA,No,No,3.35,3.76,4.5,3.17,2,3.33
632,0,NA,No,No,3.94,3.06,4.83,4.33,2.38,2.17
633,0,NA,No,No,2.82,1.65,3.67,1.83,3,2
634,0,NA,No,No,3.65,3.24,3.67,2.67,3,3
635,0,NA,No,No,3.35,3.47,2.83,3.17,2.5,3.33
636,0,NA,No,No,3.47,2.71,3.67,2.83,4,2
637,0,NA,No,No,4.18,2.41,2.83,2.5,2.5,3.83
638,0,NA,No,No,4.24,3,2.83,3.5,2.75,1.5
639,0,NA,No,No,3.12,2.59,3.33,3,3.88,2.17
640,0,NA,No,No,3.94,2,2.67,3.67,2.75,2.17
641,0,NA,No,No,3.94,2.35,3.67,1.83,2.5,3.17
642,0,NA,No,No,3.94,2.59,3.67,3.5,3.75,2.33
643,0,NA,No,No,3.88,2.29,2.5,1.17,3.75,1.67
644,0,NA,No,No,4.06,2.53,4.17,4.33,2,1.67
645,0,NA,No,No,3.59,2.76,4,2.67,3.88,3.33
646,0,NA,No,No,4.35,3.12,4.5,2.83,2.88,2.17
647,0,NA,No,No,2.88,2,1.67,3.33,2.88,1.83
648,0,NA,No,No,3.12,3.06,3.5,3.17,2.13,2
649,0,NA,No,No,3.94,2.82,2.83,3.33,3.38,2.17
650,0,NA,No,No,3.47,2.76,3.67,2.5,3,1.5
651,0,NA,No,No,3.35,2.59,3.5,3.17,2.63,1.83
652,0,NA,No,No,3.53,1.76,3,3.5,3.5,2
653,0,NA,No,No,3.94,2.18,3.83,3.83,2.63,3.33
654,0,NA,No,No,4.29,3.76,4.33,4.17,2,2.5
655,0,NA,No,No,4.47,3.76,2.83,2.5,3,2.83
656,0,NA,No,No,3.65,2.29,3.5,4.17,2.88,2.5
657,0,NA,No,No,4.06,2.59,3.67,4,2.63,2.83
658,0,NA,No,No,4.47,2.94,5,4.17,2.38,3.67
659,0,NA,No,No,3.24,2.47,4.67,2.83,2.5,2.67
660,0,NA,No,No,4.24,3.71,3.83,3.33,2.5,2.5
661,0,NA,No,No,3.35,2.18,3.83,2.5,2.88,3.5
662,0,NA,No,No,4.18,3.71,3.17,2.33,1.75,4
663,0,NA,No,No,3.59,2.65,3.33,3.83,3.38,1.67
664,0,NA,No,No,3.94,2.82,4,3.83,2,2
665,0,NA,No,No,3.41,3.59,4.5,3.33,2.13,3.67
666,0,NA,No,No,3.35,1.35,3.83,2.67,2.75,1.67
667,0,NA,No,No,3.94,2.18,4,2.83,3.25,1.83
668,0,NA,No,No,3.18,2.47,2.5,2.83,2.88,2.5
669,0,NA,No,No,4.12,2.24,2.83,3.5,2.75,2.17
670,0,NA,No,No,4.24,2.18,3.83,4.67,3.38,3.67
671,0,NA,No,No,3,3.06,4.17,2.33,3.25,2
672,0,NA,No,No,2.76,2.12,2.33,3.5,3.25,2.83
673,0,NA,No,No,4.24,2.35,3.83,2.5,2.5,3.17
674,0,NA,No,No,3.65,2.24,3.67,3,2.75,2.83
675,0,NA,No,No,4.12,2.88,2.33,2.83,2.75,2.67
676,0,NA,No,No,3.65,3.06,3.33,4,2.5,3
677,0,NA,No,No,3.35,2.06,3,3.17,2.75,2.83
678,0,NA,No,No,3.82,2.53,3.83,3.67,2.75,2.5
679,0,NA,No,No,3.88,2.82,3,3.67,3.25,2
680,0,NA,No,No,3.47,2.59,3.17,3.5,3.63,2
681,0,NA,No,No,3.82,1.94,3.5,2.17,3.5,2
682,0,NA,No,No,4.47,2.12,1.83,2.33,2.88,1.5
683,0,NA,No,No,3.65,2.94,4.33,2.5,3.5,3
684,0,NA,No,No,3.47,3.18,2.67,3.17,3.38,1
685,0,NA,No,No,3.82,2.76,4,3.33,2.63,2.67
686,0,NA,No,No,4.82,3.53,3.33,3.83,1.88,2.67
687,0,NA,No,No,4.12,2.76,3,3,2.5,3.17
688,0,NA,No,No,3.88,2.88,3.67,4.67,2.88,3.67
689,0,NA,No,No,3.12,3.12,2.67,3.33,3.88,1.83
690,0,NA,No,No,3.53,2.35,3.5,2.17,3.13,2.33
691,0,NA,No,No,4.29,3.29,3.83,3.83,2.75,4
692,0,NA,No,No,4.35,1.65,4,3.17,3.13,3.17
693,0,NA,No,No,2.82,3,3.17,2.5,3.13,3.17
694,0,NA,No,No,2.76,2.82,3,2.17,3.63,2
695,0,NA,No,No,3.24,2.35,2.83,3.33,3.5,2.83
696,0,NA,No,No,3.71,2.06,2.83,2.67,3,1.83
697,0,NA,No,No,4.35,2.47,4.17,1.67,3.75,3.17
698,0,NA,No,No,4,2.82,3.33,2.5,2.13,3.83
699,0,NA,No,No,3.65,3.41,4.83,2.17,4.38,1.5
700,0,NA,No,No,3.35,2.65,2.33,2.67,2.5,2.83
701,0,NA,No,No,4.29,3.18,4.5,4,2.25,3.83
702,0,NA,No,No,3.82,2.53,3.33,3,2.75,2.67
703,0,NA,No,No,3.47,3.12,3.17,3,3.38,2.67
704,0,NA,No,No,3.65,3.06,3.33,2.67,2.5,2.67
705,0,NA,No,No,4.12,3.47,3.5,4.33,2.63,3.17
706,0,NA,No,No,3.24,2.94,2.5,2.5,3.13,2.83
707,0,NA,No,No,4.06,2.47,3.83,3.67,2.5,2.67
708,0,NA,No,No,4.53,4.24,5,4.17,3,3.17
709,0,NA,No,No,4.24,3,2.33,4.33,2.63,3.17
710,0,NA,No,No,3.76,2.06,2.67,2.67,3.38,2
711,0,NA,No,No,3.76,3.06,2.83,2.83,2.88,3.17
712,0,NA,No,No,3.59,2.12,2.5,2.67,3.13,2.17
713,0,NA,No,No,3.94,2.35,2.33,2.67,2.38,3.33
714,0,NA,No,No,4.76,2.88,3.5,2.5,1.75,3
715,0,NA,No,No,4.41,3.59,4.5,3.5,2.25,3
716,0,NA,No,No,3.18,2.24,4.67,1.83,3.5,2.17
717,0,NA,No,No,3.24,3.18,3.33,4,3.25,2.67
718,0,NA,No,No,3.71,3.12,4,3,2.38,3.5
719,0,NA,No,No,2.29,2.47,3.83,3.5,2.38,2.5
720,0,NA,No,No,3.65,2.35,3.5,3.17,3.25,1
721,0,NA,No,No,2.24,2.82,3.5,3,3.13,1.83
722,0,NA,No,No,3.88,2.35,4.5,2.83,3.63,2.67
723,0,NA,No,No,3.82,3.06,2.5,3.17,3.63,2.17
724,0,NA,No,No,3.47,2.88,4.67,3.67,2.25,2.83
725,0,NA,No,No,3.76,3.06,4,4.33,2,2.83
726,0,NA,No,No,3.12,2.47,3.5,3.5,3,3.17
727,0,NA,No,No,4,2.65,3,2.33,2.63,3
728,0,NA,No,No,4.65,1.59,4.17,3.17,4,2.33
729,0,NA,No,No,3.71,2.59,4.83,4.67,3.13,2.67
730,0,NA,No,No,4.29,3.06,3.83,3.83,2.63,3
731,0,NA,No,No,3.59,2.59,3.83,2,2.38,1.83
732,0,NA,No,No,3.59,2.35,3.33,2.67,3.5,3.5
733,0,NA,No,No,3.59,2.06,4,2,3,2.5
734,0,NA,No,No,3.76,2.06,2.5,2.17,3.13,2.33
735,0,NA,No,No,3.94,3.59,4.5,5,1.63,3.83
736,0,NA,No,No,3.35,3.24,2.83,3.33,3,2.33
737,0,NA,No,No,3.59,3.06,3.83,3.83,2.25,2.83
738,0,NA,No,No,4.29,2.59,4,3.67,2,3.67
739,0,NA,No,No,4,2.12,4.33,3.17,2.75,2.5
740,0,NA,No,No,4.12,3.06,4.33,2.83,2.5,3.33
741,0,NA,No,No,3.35,2.88,3.33,3.33,2.5,3.5
742,0,NA,No,No,4.59,2.88,3.67,2.33,1.88,1.83
743,0,NA,No,No,4.35,3.35,3.5,3.33,2.75,2.67
744,0,NA,No,No,3.47,2.82,4.17,3,3.5,2.67
745,0,NA,No,No,4.29,1.53,4.5,2.83,3.75,1.67
746,0,NA,No,No,4,2.65,1.5,2.17,3.38,2.17
747,0,NA,No,No,3.82,2.59,3.17,1.67,3.38,3
748,0,NA,No,No,3.53,3.76,3.67,4,3,3.67
749,0,NA,No,No,3.94,2.65,4.33,4,3,2.83
750,0,NA,No,No,3.35,2.29,4,3.33,2.63,2.67
751,0,NA,No,No,3.82,2.88,2.33,3.67,3.13,3
752,0,NA,No,No,3.18,1.29,3.67,1,3.75,2.33
753,0,NA,No,No,3.53,3.71,2.83,4,3,3.17
754,0,NA,No,No,3.41,2.53,2.83,2.5,3.13,2.5
755,0,NA,No,No,4.41,2.94,4.67,2.83,2.13,3.17
756,0,NA,No,No,3.88,2.24,3.17,2.83,3.63,2
757,0,NA,No,No,3.12,1.88,4,3.83,3.38,1.5
758,0,NA,No,No,3.47,2.59,2.5,2.83,3.5,2.33
759,0,NA,No,No,3.41,2.12,3.5,3.67,2.13,3.67
760,0,NA,No,No,3.76,2.88,4.17,3.5,3.63,4
761,0,NA,No,No,4.47,2.82,2.83,3.83,2.25,4
762,0,NA,No,No,4.88,3.06,3.83,2.67,2.5,3.17
763,0,NA,No,No,3.35,3.88,3.5,4.17,2.38,2.83
764,0,NA,No,No,2.94,2.47,3.67,2.5,3.25,2.33
765,0,NA,No,No,4.35,2.59,4.5,3.67,2.63,3.67
766,0,NA,No,No,2.41,1.82,2.17,2.17,3.38,2.67
767,0,NA,No,No,4.18,3.18,2.5,2.67,2.25,3
768,0,NA,No,No,4.06,2.24,2,1.83,3.38,1.83
769,0,NA,No,No,4,2.24,3.17,3.17,3.38,2.5
770,0,NA,No,No,4.53,3.06,4,3.17,3.63,1.67
771,0,NA,No,No,1.59,2.41,3.67,2.83,4.63,1.33
772,0,NA,No,No,3.71,2.76,4,2.5,2.63,2.5
773,0,NA,No,No,3.59,2.71,3,3.17,3.38,2.5
774,0,NA,No,No,3.94,1.59,3.17,3.17,2.75,1.67
775,0,NA,No,No,2.65,4.18,3.67,3.17,2.75,3.33
776,0,NA,No,No,3.47,3.29,2.67,3.67,2.63,2.17
777,0,NA,No,No,3,3.59,4.67,3.83,2.5,3.83
778,0,NA,No,No,4.06,3.06,3.5,2.67,2.5,2.33
779,0,NA,No,No,3.53,2.24,2.17,3,3.63,1.67
780,0,NA,No,No,3.71,2.06,2.5,4.17,2.88,1.17
781,0,NA,No,No,4.06,2.65,2.5,2.67,2.88,2.33
782,0,NA,No,No,3.53,3.59,2.5,3.5,3.38,2.33
783,0,NA,No,No,3.06,2.06,4.17,4.17,2.75,2.17
784,0,NA,No,No,3.82,2.35,4.17,3.67,3.5,2.83
785,0,NA,No,No,3.35,2.47,4.17,2.83,2.88,1.83
786,0,NA,No,No,3.24,2.53,4.5,2.5,4.38,2
787,0,NA,No,No,3.82,2.41,4.33,3.17,3.38,1.83
788,0,NA,No,No,3.65,1.41,2.67,2.67,3.13,3.5
789,0,NA,No,No,3.76,2.94,3.17,3.83,2.63,3.17
790,0,NA,No,No,3.76,2.41,4.17,3,2.63,2.67
791,0,NA,No,No,3.71,2.41,3.33,3,2.88,2
792,0,NA,No,No,3.82,2.12,3.5,3.67,2.75,2.33
793,0,NA,No,No,3.94,2.29,3,3.33,2.88,1.33
794,0,NA,No,No,3.65,2.82,2.83,3.17,4.13,1.33
795,0,NA,No,No,3.82,3,3.83,3.67,2.75,2.67
796,0,NA,No,No,2.59,3,3.5,3.17,2.88,1.67
797,0,NA,No,No,3.76,3.18,4.83,4.5,2.13,3.5
798,0,NA,No,No,4.47,3.29,4.83,3.17,3,2.83
799,0,NA,No,No,3.71,2.59,4.5,3.5,2.75,1.67
800,0,NA,No,No,3.94,1.76,3.5,2.83,3.13,2.67
801,0,NA,No,No,3.41,2.82,3.83,1.67,2.38,2.17
802,0,NA,No,No,3.59,2.65,3.67,3.33,2.75,3
803,0,NA,No,No,4.41,2.41,4.17,2,2.25,2.67
804,0,NA,No,No,3.71,2.59,4.5,3.33,3,3.83
805,0,NA,No,No,3.24,3.24,4.17,4.17,3.63,2.17
806,0,NA,No,No,3.53,3.82,4,2.67,2.25,2.83
807,0,NA,No,No,3.47,2.82,4.17,2,3,3.5
808,0,NA,No,No,3.82,1.82,4,1.67,2.88,2.5
809,0,NA,No,No,3.24,2.06,3,3.5,3.38,3
810,0,NA,No,No,4.65,2.35,4.67,4.83,2.38,4.33
811,0,NA,No,No,3.82,2.29,4,4,4.88,1.83
812,0,NA,No,No,3.53,1.76,2.33,2.33,2,1.83
813,0,NA,No,No,3.59,2.76,3,3.17,3.75,1.17
814,0,NA,No,No,3.59,2.59,3.17,2.67,3.75,1.83
815,0,NA,No,No,2.94,2.82,3.5,3.17,3.25,2.5
816,0,NA,No,No,4.24,2.88,2.17,2.5,1.88,2.83
817,0,NA,No,No,3.76,2.76,4.33,3.33,2.25,3.83
818,0,NA,No,No,3.53,1.88,3.67,3.83,3.88,1
819,0,NA,No,No,4,2.88,3.83,3.67,2.88,3.33
820,0,NA,No,No,3.71,1.65,4.5,3.5,3.13,3.33
821,0,NA,No,No,3.65,2.47,3.17,2.5,4,2.83
822,0,NA,No,No,3.88,2.82,4.83,4.67,2.13,1.67
823,0,NA,No,No,3.59,2,4,4.17,2.63,3.5
824,0,NA,No,No,3.65,2.53,4,2.17,2.75,2.33
825,0,NA,No,No,3.76,2.18,4,2.17,3,2.83
826,0,NA,No,No,3.82,2.88,3.5,2.67,3.38,2.33
827,0,NA,No,No,3.88,3.24,4,3.33,2.25,3.67
828,0,NA,No,No,3.35,2,3.5,2.67,2.88,2
829,0,NA,No,No,4,3.94,3.33,4.33,2.5,2.33
830,0,NA,No,No,4.24,3.41,2.83,2,3.75,3.33
831,0,NA,No,No,4,3.12,3.83,3.33,3.5,2.5
832,0,NA,No,No,3.53,2.18,4.67,2.17,4,1.67
833,0,NA,No,No,2.94,3.88,4,3.5,3.75,2.67
834,0,NA,No,No,4,2.24,3.83,1.67,2.38,1.83
835,0,NA,No,No,4.71,3.29,4.67,4,2.13,2.5
836,0,NA,No,No,2.82,2,3.17,3,3.25,2
837,0,NA,No,No,3.24,1.88,2,1.5,2.88,1.5
838,0,NA,No,No,4.71,2.53,3.17,1.67,2.38,2.17
839,0,NA,No,No,3.41,2.24,3.33,2.67,2.88,2.17
840,0,NA,No,No,3.65,1.94,4.17,3.33,1.88,2.83
841,0,NA,No,No,3.59,3.12,4.33,2.5,2.88,4.17
842,0,NA,No,No,4.18,3.35,3,2.83,2.38,1.83
843,0,NA,No,No,3.94,2.76,3.67,3.67,3.13,2.17
844,0,NA,No,No,3.53,2.76,4,3.33,2.63,3.33
845,0,NA,No,No,3.29,2.12,2.83,3.67,3.13,1.83
846,0,NA,No,No,4.53,3.18,4.33,3.83,2.88,2.17
847,0,NA,No,No,3.18,2.65,4,2.17,3,2.5
848,0,NA,No,No,3.41,3.12,3.5,3.17,2.88,2.33
849,0,NA,No,No,3.47,3.47,4,3.5,2.63,3
850,0,NA,No,No,4.53,3.06,2.83,2.33,3.13,2
851,0,NA,No,No,3.71,3.41,2.83,3.83,3.63,2.67
852,0,NA,No,No,3.41,2.59,2.5,3.67,2.88,2.17
853,0,NA,No,No,3.76,3.53,4.33,4,2.88,3.17
854,0,NA,No,No,3.82,2.41,3.17,2.67,3.38,2.67
855,0,NA,No,No,4,2.18,3.67,2.5,3,3.5
856,0,NA,No,No,3.29,2.18,4,3.33,3,3.33
857,0,NA,No,No,2.35,2.47,3.33,3.17,3.5,3.17
858,0,NA,No,No,3.88,2.35,3.5,3.67,2.38,2.17
859,0,NA,No,No,4.41,2.35,4.33,3.83,3.63,3.5
860,0,NA,No,No,2.71,3.41,3.33,3,3.75,2
861,0,NA,No,No,4.06,2.47,3,2.17,3.38,1.5
862,0,NA,No,No,3.88,3.35,3.83,3.33,3.88,1.83
863,0,NA,No,No,4.24,3.18,3,3,4.63,1.5
864,0,NA,No,No,4.41,4.35,3.83,3.17,3.13,3.17
865,0,NA,No,No,3.29,2.12,2.5,1.67,4,2.17
866,0,NA,No,No,3.12,2.29,2.33,2.83,3.25,2.5
867,0,NA,No,No,2.94,2.94,3.33,2.67,3,4
868,0,NA,No,No,4,2.94,3.67,2.17,2.63,3
869,0,NA,No,No,2.88,2.41,4.5,3.17,4,1.67
870,0,NA,No,No,4,3.24,4.33,2.83,3.13,2.67
871,0,NA,No,No,3.18,2.35,4.5,3,4,2.17
872,0,NA,No,No,2.35,2,2.33,2,3.13,2.17
873,0,NA,No,No,3.47,2.47,2.67,3,4,2
874,0,NA,No,No,3.41,2.65,3.17,3.17,3.13,3
875,0,NA,No,No,3.18,2.88,5,3.83,2.13,4.17
876,0,NA,No,No,3.65,2.47,3,3.33,3.88,2.83
877,0,NA,No,No,3.76,2.53,3.17,4.83,2.38,2
878,0,NA,No,No,4.41,2.71,3.17,3.17,2,4
879,0,NA,No,No,3.71,1.94,4.17,2.33,3.13,1.67
880,0,NA,No,No,3.71,2.24,2.67,4,4.13,1.83
881,0,NA,No,No,4.06,1.71,4.33,2.17,4.13,1.67
882,0,NA,No,No,3.88,2.59,4.5,2,5,1.67
883,0,NA,No,No,3.88,2.94,2.67,3,3.63,3.33
884,0,NA,No,No,4,3.24,3.67,1.83,3.5,2.17
885,0,NA,No,No,4.06,3,4,3.5,2.13,2.17
886,0,NA,No,No,4.29,3.65,2.33,3,2.63,2.33
887,0,NA,No,No,2.59,2.76,4,3.17,3.25,2.67
888,0,NA,No,No,4,2.59,4,3.67,3.5,3.5
889,0,NA,No,No,4.65,2.59,4.17,3.83,3.13,1.33
890,0,NA,No,No,3.12,2.12,2.83,2.83,3.13,1.67
891,0,NA,No,No,3,2.76,3.83,3.17,4.25,2
892,0,NA,No,No,2.65,2.71,4.33,2.67,3.38,2.5
893,0,NA,No,No,3.71,2.29,3.83,3.17,2.38,3.5
894,0,NA,No,No,3.82,2.18,3.17,3.67,3,1.83
895,0,NA,No,No,3.76,3.35,3,3.67,2.5,2.67
896,0,NA,No,No,3.06,2.94,4.17,3.33,3.38,1.17
897,0,NA,No,No,4.35,3.06,2.83,2.67,2.75,3
898,0,NA,No,No,3.35,3.53,2.67,4.83,3,2.67
899,0,NA,No,No,3.47,2.76,4.33,4,1.88,3.17
900,0,NA,No,No,3.12,3.12,3.33,2.5,3.75,3
901,0,NA,No,No,4.47,2,3.5,3.5,2.13,3.33
902,0,NA,No,No,3.94,2.35,3,2.67,3.38,2.33
903,0,NA,No,No,2.29,2.24,5,3.83,3.63,3.17
904,0,NA,No,No,3.41,3.71,3.83,3.17,3,2.67
905,0,NA,No,No,3.41,2.88,4.33,2,2.88,1.83
906,0,NA,No,No,4.12,3.18,3.33,3.5,2.75,2.17
907,0,NA,No,No,3.94,3.35,3.67,3.5,3,1.67
908,0,NA,No,No,4.24,2,3.5,2.67,2.63,1.83
909,0,NA,No,No,3.65,2,3.17,1.83,2.63,1.33
910,0,NA,No,No,4.76,2.47,4.83,3,3.13,2.83
911,0,NA,No,No,3.94,2.71,3.67,3,1.88,2.5
912,0,NA,No,No,3.06,2.06,3.5,4.17,4.13,4.17
913,0,NA,No,No,4,1.94,4.5,3.67,3.5,4
914,0,NA,No,No,3.47,3.82,3,3.83,3.5,2.83
915,0,NA,No,No,3.71,2.94,4.5,2.67,3.25,2.67
916,0,NA,No,No,4.18,1.65,2.67,3,4,1
917,0,NA,No,No,3.06,2.82,3.33,3.67,2.63,3
918,0,NA,No,No,4.71,2.29,3.67,3.17,2.75,2.33
919,0,NA,No,No,4.65,2.94,4.17,2.5,2.75,2.17
920,0,NA,No,No,3.41,2.94,2.5,2.83,2.88,3.5
921,0,NA,No,No,3,2.47,4.5,2.5,3.13,3.17
922,1,NA,No,No,4.29,3.35,3.67,3.17,2.38,3.33
923,1,NA,No,No,4.35,3.18,1.83,2.33,3.38,1.5
924,1,NA,No,No,3.47,4,4,4,2.88,3
925,1,NA,No,No,3.41,2.41,3.17,3,2.88,2.33
926,1,NA,No,No,3.47,3.29,3.67,3.33,2.63,3.67
927,1,NA,No,No,3.53,3.47,2.67,2.67,3.5,3.17
928,1,NA,No,No,3.59,3.59,3.67,3.33,2.88,3.83
929,1,NA,No,No,1.94,1.47,1.67,1,3,1.67
930,1,NA,No,No,3.82,3.59,4,3.17,3.25,3
931,1,NA,No,No,3.65,2.82,3.33,3.33,2.38,3.83
932,1,NA,No,No,3.18,3,2.67,3.33,3.25,2.67
933,1,NA,No,No,3.82,3.06,2.33,3.17,4,2.67
934,1,NA,No,No,3.94,3.94,3.83,2.5,3.38,3
935,1,NA,No,No,3.65,2.76,4.17,2.67,3.5,2.17
936,1,NA,No,No,4.12,3.35,2,2.83,2,2.33
937,1,NA,No,No,2.65,3.41,3.67,3.5,3.38,1.83
938,1,NA,No,No,4.18,3.82,3.83,4.17,3.13,2.67
939,1,NA,No,No,3.18,3.53,2.5,1.83,4,2.67
940,1,NA,No,No,4.35,3.47,3.5,2.83,2.5,3.67
941,1,NA,No,No,2.82,2.71,3,3.33,3,3.33
942,1,NA,No,No,3.65,3.71,3.33,4.33,3.75,1.83
943,1,NA,No,No,2.24,2.59,3.33,2.5,2.38,2.83
944,1,NA,No,No,3.53,4.24,4.33,3.33,2.5,3.83
945,1,NA,No,No,3.88,3.24,2.83,3.33,2.63,2.17
946,1,NA,No,No,3.71,2.59,2.5,3.17,3.25,2
947,1,NA,No,No,3.24,3.41,3.67,3.5,3.5,2.17
948,1,NA,No,No,2.76,3.76,1.83,2.67,3.25,2.83
949,1,NA,No,No,3.12,3.29,3.17,3.83,2.38,3
950,1,NA,No,No,3.18,4.12,3,2.67,2.38,2.67
951,1,NA,No,No,3.94,4.59,3.83,3,1.88,3.83
952,1,NA,No,No,3.88,4,2.83,2.83,3.25,2.5
953,1,NA,No,No,4.59,2.41,4.83,2,3.38,2.67
954,1,NA,No,No,4,2.82,3.33,3,3.13,2.33
955,1,NA,No,No,4.18,4.12,4,3.17,2.75,2.67
956,1,NA,No,No,3.59,3.35,4.17,3.67,3.38,3.83
957,1,NA,No,No,3.53,3.24,2.83,2.17,3.25,2.5
958,1,NA,No,No,3.82,3.29,4.33,2.83,2.13,2.83
959,1,NA,No,No,3.59,3.47,2.67,3.33,2.63,3.33
960,1,NA,No,No,3.65,3.71,4.33,2.67,2.63,3.83
961,1,NA,No,No,3.35,2.88,2.33,3.83,3.25,2.17
962,1,NA,No,No,3.88,2.76,3.5,1.17,3.75,3.17
963,1,NA,No,No,3.65,3.82,3.67,3.33,3.25,2.33
964,1,NA,No,No,4.12,2.29,3.5,2,2.5,2.83
965,1,NA,No,No,3.76,3.94,3.83,2.83,3.25,3
966,1,NA,No,No,3.76,3.18,4.83,3.33,2.5,3
967,1,NA,No,No,3.29,3.29,2.83,2.83,2.75,2.33
968,1,NA,No,No,3.29,4.41,4.5,4,2.75,3.5
969,1,NA,No,No,3.76,2.71,2.33,3,3.25,2.5
970,1,NA,No,No,3.06,4.06,1.83,1.5,2.13,1.67
971,1,NA,No,No,3.41,2.41,2.83,2.5,2.75,3
972,1,NA,No,No,3.65,3.29,3.5,1.67,2.25,2.5
973,1,NA,No,No,2.76,2.71,4,2.33,3.63,2.67
974,1,NA,No,No,4.06,3.47,3.83,3,3.5,3.67
975,1,NA,No,No,3.71,3.76,3.5,3.33,3.13,3.17
976,1,NA,No,No,3.59,3.41,2.83,2,3.38,3.83
977,1,NA,No,No,3.41,2.59,1.33,2.33,3.38,1.5
978,1,NA,No,No,3.59,3.71,3.33,4,3.25,3
979,1,NA,No,No,3.82,4.12,3.17,3.67,3,2.5
980,1,NA,No,No,3.59,4.18,3.17,3.83,2.63,2.67
981,1,NA,No,No,3.65,2.41,4,3,2.75,3.67
982,1,NA,No,No,3,2.47,4.5,4,2.25,3.17
983,1,NA,No,No,3.12,3.12,4,4.33,3,2.17
984,1,NA,No,No,3.47,2.59,2.67,3.17,2.5,2.17
985,1,NA,No,No,4.24,4.06,3.83,4.33,2.75,2.67
986,1,NA,No,No,3.82,3.65,4.83,4.33,2.75,2.67
987,1,NA,No,No,3.94,2.88,3.5,4.17,3.88,2.5
988,1,NA,No,No,3.59,3.76,4.17,3.67,3.5,3.67
989,1,NA,No,No,3.76,3.59,3.83,3.67,3.5,2
990,1,NA,No,No,4.35,3.35,4,4.5,2.63,2.5
991,1,NA,No,No,3.29,3.06,3.33,1.83,2.88,3.83
992,1,NA,No,No,3.59,3.82,3.5,3.67,3,2.67
993,1,NA,No,No,1.94,1.47,1.67,1,3,1.67
994,1,NA,No,No,3.65,2.71,2.67,2.67,3.5,1.5
995,1,NA,No,No,3.24,3.18,2.67,3.67,2.63,2.5
996,1,NA,No,No,4,4,4,2.33,2.88,2.83
997,1,NA,No,No,3.47,3.94,3.33,3.67,2.88,2.83
998,1,NA,No,No,3.47,2.94,4.5,3.5,4,2.33
999,1,NA,No,No,4.71,3.53,3.33,2.33,2.5,2
1000,1,NA,No,No,3.18,2.76,3.67,2.5,2.88,2.67
1001,1,NA,No,No,2.35,3.29,3,3,4,2.17
1002,1,NA,No,No,3.59,3.82,3.83,4.17,3,2.5
1003,1,NA,No,No,2.71,2.59,2.17,3.67,3.88,2
1004,1,NA,No,No,3.88,2.88,4.17,2.5,2.63,3.17
1005,1,NA,No,No,4.24,4,2.67,4,1.88,3
1006,1,NA,No,No,3.94,3.59,3.67,2.67,2.38,3.17
1007,1,NA,No,No,4,3.06,3.67,4.17,3.25,3.5
1008,1,NA,No,No,3.35,3.82,3.83,3.83,3.38,3.67
1009,1,NA,No,No,2.59,2.53,5,2.67,4.5,3.5
1010,1,NA,No,No,3.47,4,3,2.83,3.25,3.17
1011,1,NA,No,No,4.06,3.35,3.5,2.33,3,3.17
1012,1,NA,No,No,3.12,3.88,4.83,5,2.63,2.83
1013,1,NA,No,No,4.47,3.35,3.17,2,3.13,3
1014,1,NA,No,No,4.24,3.59,3.83,3.33,2.63,2.5
1015,1,NA,No,No,4.29,3.88,4.67,2.33,3,2.67
1016,1,NA,No,No,2.65,2.53,2.5,2.5,3.38,2.5
1017,1,NA,No,No,3.82,3.06,3.17,3.83,3.63,3
1018,1,NA,No,No,3.41,3.59,3.17,4,3.75,2
1019,1,NA,No,No,4.35,2.71,3.33,4.17,3,1.83
1020,1,NA,No,No,3,3,3,3,3,3
1021,1,NA,No,No,3.47,2.24,3,3.33,2.75,1.67
1022,1,NA,No,No,3.65,3.53,2.33,3.17,3.25,3
1023,1,NA,No,No,2.88,3.06,4,3.17,2.63,1.67
1024,1,NA,No,No,3.53,3.18,3.33,3.83,2.63,2.83
1025,1,NA,No,No,3.76,3.24,3,2.33,3,3
1026,1,NA,No,No,2.76,2.76,3.67,2.33,3.13,3.67
1027,1,NA,No,No,3.41,3,3.83,2.67,3,2.33
1028,1,NA,No,No,3.71,3.24,2.5,3.33,3.25,2
1029,1,NA,No,No,2.59,2.82,3.17,2.83,3.5,2.33
1030,1,NA,No,No,3.65,3.47,3.33,2.33,3,2.83
1031,1,NA,No,No,4.18,3.65,3.83,4,2.63,4.33
1032,1,NA,No,No,4.18,3.18,4.33,2.33,3.38,3
1033,1,NA,No,No,3.76,2.71,3.67,4.17,2.5,3
1034,1,NA,No,No,3.18,4.35,2.17,4.17,2,1.5
1035,1,NA,No,No,4,2.47,3.67,3.33,2.38,2.83
1036,1,NA,No,No,3.88,2.88,2.83,3,3.38,2.17
1037,1,NA,No,No,3.18,3.35,4,2.5,3.25,3.67
1038,1,NA,No,No,3.65,4.24,3.5,3.33,2.38,3.5
1039,1,NA,No,No,3.65,2.88,4,3,2.38,4
1040,1,NA,No,No,4.12,3.76,5,2.17,3,4.33
1041,1,NA,No,No,3.24,2.88,3,3,2.75,3.5
1042,1,NA,No,No,3.94,3.88,5,3.33,2.5,3
1043,1,NA,No,No,4.53,3.18,2.67,3.67,2.75,2.5
1044,1,NA,No,No,4.29,4.53,4.5,4,2.63,3.17
1045,1,NA,No,No,4.71,3.29,3.83,2.5,2.5,2.17
1046,1,NA,No,No,3.71,2.94,2.83,3,3.88,3
1047,1,NA,No,No,3.71,3.06,3.5,2.5,2.88,2.5
1048,1,NA,No,No,3,3,3,3,3,3
1049,1,NA,No,No,3.12,4.06,3.5,3.5,3.5,2
1050,1,NA,No,No,3.29,3.18,3.33,4,3.5,3.5
1051,1,NA,No,No,3.82,3.65,2.67,3.67,2.13,4
1052,1,NA,No,No,2.76,3.53,3.5,3.67,3.25,2.67
1053,1,NA,No,No,3.35,3.41,3,3.5,2.88,2.67
1054,1,NA,No,No,3.18,2.88,3,2.17,3.38,1.67
1055,1,NA,No,No,4.47,3.94,2.83,3.17,3.38,1.83
1056,1,NA,No,No,3.94,3.76,2.17,2.83,2.5,1.67
1057,1,NA,No,No,3.71,2.59,4.33,3.33,2.38,3.17
1058,1,NA,No,No,3.47,3.12,4,3,3.38,3
1059,1,NA,No,No,3.29,3.59,3.5,3,2.63,3
1060,1,NA,No,No,3.65,4.88,3.5,3.33,3.13,1.83
1061,1,NA,No,No,4,2.71,3.83,1.67,3.5,3.33
1062,1,NA,No,No,2.88,3.94,2.5,2.67,3.13,1.67
1063,1,NA,No,No,3.06,3.53,3.33,3.17,3.5,3.33
1064,1,NA,No,No,3.06,3.59,4.33,3.83,4.88,2.33
1065,1,NA,No,No,3.12,3.06,4.5,4,4,2.83
1066,1,NA,No,No,3,3.65,3.5,2.33,2.63,3.17
1067,1,NA,No,No,3.88,3.88,4.33,3.33,3.13,2.5
1068,1,NA,No,No,3.41,4.12,3.83,3.83,2.88,3.5
1069,1,NA,No,No,3.59,4.06,4,3.67,3.38,3
1070,1,NA,No,No,3.71,3.47,2.5,3.5,4,2.5
1071,1,NA,No,No,3,3.35,2.67,4.17,2.75,2.5
1072,1,NA,No,No,4.29,3.94,3.5,3.5,2.13,1
1073,1,NA,No,No,4.47,3.82,4.83,3.67,1.63,4.5
1074,1,NA,No,No,3.88,3.82,3.83,3.67,3,2.83
1075,1,NA,No,No,3.47,3.76,2.5,3.17,2.88,2
1076,1,NA,No,No,1.88,4.29,4,2.67,4.38,3.33
1077,1,NA,No,No,3.47,2.76,3.83,3.5,2,3
1078,1,NA,No,No,4,3.88,4,4.17,2.63,4
1079,1,NA,No,No,3.76,3.47,2,2.17,3,3.17
1080,1,NA,No,No,3.88,2.35,4.17,3.33,1.88,3
1081,1,NA,No,No,3.71,4.29,3.67,2.67,2.63,2.67
1082,1,NA,No,No,3.59,2.24,4,2,3.88,2.5
1083,1,NA,No,No,3.94,3.71,2.67,3.33,2.5,2.33
1084,1,NA,No,No,4.06,3.82,3.5,3.33,2.5,2.33
1085,1,NA,No,No,3.06,2.76,3.33,2.67,3.13,3.67
1086,1,NA,No,No,3.35,3.65,3.83,3.17,3.75,2.83
1087,1,NA,No,No,4.41,3.29,4.83,3.5,2.25,3.17
1088,1,NA,No,No,3.18,3.82,3.5,3.5,3.63,2.17
1089,1,NA,No,No,4.24,3.47,3.33,3.5,2.75,3
1090,1,NA,No,No,3.47,2.53,4.17,2.67,2.25,4.5
1091,1,NA,No,No,3.47,2.71,3.33,3.67,3.38,2
1092,1,NA,No,No,4,3.06,2.5,3.83,2.63,1.33
1093,1,NA,No,No,3.76,2.88,4.83,2.5,3.5,4
1094,1,NA,No,No,3.71,3.47,4,2.67,2.5,2.33
1095,1,NA,No,No,3.76,4.29,2.5,4.33,3.5,1.17
1096,1,NA,No,No,3.71,2.76,4.17,2.5,2.38,3.33
1097,1,NA,No,No,4.24,3.65,3.67,2.17,2.88,3.17
1098,1,NA,No,No,4.41,4,3.83,4.17,3.13,3.5
1099,1,NA,No,No,4.12,3.65,3.17,3,3.5,1.5
1100,1,NA,No,No,3.47,3.29,3,3.5,3.38,3
1101,1,NA,No,No,3.82,4.29,3,3.17,2.5,3
1102,1,NA,No,No,3.35,4.35,3,2.5,3.13,2.33
1103,1,NA,No,No,3.59,3.65,3.5,3.67,3.63,2
1104,1,NA,No,No,4.18,3.82,2.17,3,2.75,3
1105,1,NA,No,No,3.12,3.82,3,2.83,3.88,2
1106,1,NA,No,No,3.06,3.06,3,3,3,3
1107,1,NA,No,No,3.88,2.88,3.5,2.5,2.38,1.33
1108,1,NA,No,No,3.47,4.65,3.17,3.67,2.88,2
1109,1,NA,No,No,3.53,3.29,4,2.67,2.25,4.17
1110,1,NA,No,No,4.65,3.47,4.17,4.17,2.38,4.67
1111,1,NA,No,No,3.29,3.18,3.17,2.5,2.88,2.17
1112,1,NA,No,No,3.65,2.71,2,2.67,3.38,2
1113,1,NA,No,No,4.06,3.41,3.5,3.33,3,3.33
1114,1,NA,No,No,3.65,3.41,3.5,3,3.5,3
1115,1,NA,No,No,4.65,3.59,4,4.17,1.88,4.17
1116,1,NA,No,No,3.35,3.12,3.17,3.33,2.63,3
1117,1,NA,No,No,3.35,3.47,4.67,2.5,3,4
1118,1,NA,No,No,4.24,3.94,3.33,4.17,2.88,2.83
1119,1,NA,No,No,3.18,3.71,3.67,4.17,3,2.33
1120,1,NA,No,No,4.35,4.53,3.33,3,2.88,3.67
1121,1,NA,No,No,3.71,4.18,4.33,2.5,3.25,2.67
1122,1,NA,No,No,3.71,3.24,2.83,3,3.13,3.33
1123,1,NA,No,No,3.88,3.12,3.17,3.33,3.5,3
1124,1,NA,No,No,3.53,3.06,3.17,2.33,3.63,2.5
1125,1,NA,No,No,2.59,3.12,3.17,3,3.25,1.33
1126,1,NA,No,No,3.18,2.94,3.83,3.33,2.88,2.5
1127,1,NA,No,No,3.24,4.12,3.83,4.5,4.25,4.33
1128,1,NA,No,No,1.82,3.71,4.67,4.67,2.25,1.83
1129,1,NA,No,No,2.88,3.06,3.5,3.17,3.13,3.17
1130,1,NA,No,No,3.82,3.24,3.83,3,3.13,3.5
1131,1,NA,No,No,3.35,4.06,2.5,3.17,3.63,1.5
1132,1,NA,No,No,3.82,2.53,2.5,3.67,3,2.33
1133,1,NA,No,No,3.53,3.41,2.33,3,3.25,3.17
1134,1,NA,No,No,3.47,2.94,2.17,2,3.25,2
1135,1,NA,No,No,3.76,2.88,4,2.33,2.38,3.5
1136,1,NA,No,No,4.06,3.12,4.33,3,1.88,2.5
1137,1,NA,No,No,3.47,4.12,4.33,3.5,3.63,3.33
1138,0,NA,No,Yes,2.29,2.88,5,4,3.63,3
1139,0,NA,No,Yes,4.82,2.71,3,1.67,2.5,2.33
1140,0,NA,No,Yes,4.41,3.82,3.83,2,2.63,2.67
1141,0,NA,No,Yes,4.47,3.53,4.67,3.67,3,4
1142,0,NA,No,Yes,4.65,2.53,3.5,3.17,1.75,3
1143,0,NA,No,Yes,3.88,3,4.83,3.83,3.5,3.67
1144,0,NA,No,Yes,4.24,3.29,4.67,2.17,1.5,4.33
1145,0,NA,No,Yes,3.41,3,4.17,2.67,2.75,4.17
1146,0,NA,No,Yes,3.76,2.12,4.5,3.5,1.38,1.67
1147,0,NA,No,Yes,4.65,3.06,2.17,3,1.5,3.17
1148,0,NA,No,Yes,4.06,2.24,4.5,4,2.25,1.5
1149,0,NA,No,Yes,3.88,3.88,4,4.17,1.75,3.5
1150,0,NA,No,Yes,4.18,3.35,3.5,3.33,2.88,3.17
1151,0,NA,No,Yes,3.94,3.29,4.83,3.67,2.63,4
1152,0,NA,No,Yes,3.94,3.82,4.67,3.5,2.63,3.33
1153,0,NA,No,Yes,4.12,3.29,4,3.83,2.13,4.33
1154,0,NA,No,Yes,4.47,3.41,4.83,4.33,2.63,3
1155,0,NA,No,Yes,3.47,3.76,5,3.17,3.75,3
1156,0,NA,No,Yes,4.18,3,4.67,2.5,3,2.83
1157,0,NA,No,Yes,4.41,2.88,4,2.5,2.75,3.83
1158,0,NA,No,Yes,4,2.71,3.67,2.5,2.25,3.83
1159,0,NA,No,Yes,4.65,2.76,3.5,2.5,2.5,3.67
1160,0,NA,No,Yes,4.29,2.76,4.5,4.33,2.13,2.83
1161,0,NA,No,Yes,3.76,2.41,4.5,3.17,2.88,3.67
1162,0,NA,No,Yes,4.88,2.65,4,2.33,3,3.67
1163,0,NA,No,Yes,4.53,3.18,4,3,2.13,3.33
1164,0,NA,No,Yes,4.06,1.76,4.17,3.33,3,1.67
1165,0,NA,No,Yes,4.76,3,4,3.67,1.75,4
1166,0,NA,No,Yes,4.53,3.18,3.5,3.67,2.88,2.67
1167,0,NA,No,Yes,4.47,3.35,4.67,4.33,2.5,4.5
1168,0,NA,No,Yes,4.88,3.47,3.83,2.83,1.38,3.17
1169,0,NA,No,Yes,4.41,3.06,3.5,2.17,3,3.67
1170,0,NA,No,Yes,4.59,2.71,4.5,3.5,2.63,4
1171,0,NA,No,Yes,4.24,3.06,4.33,4.67,1.88,3.17
1172,0,NA,No,Yes,4.59,2.41,2.33,2.83,2,1.67
1173,0,NA,No,Yes,4.35,3.65,3.83,4.67,1.75,3.83
1174,0,NA,No,Yes,4.24,2.65,4,2.5,2.88,3.33
1175,0,NA,No,Yes,4.12,2.82,1.83,3.17,3.63,1.17
1176,0,NA,No,Yes,2.82,2.47,4.5,3.5,2.63,3
1177,0,NA,No,Yes,3.94,2.82,4,2.17,3.13,2.33
1178,0,NA,No,Yes,3.76,2.53,4.5,2.33,2.38,3.17
1179,0,NA,No,Yes,4.12,2.29,4.33,4.33,1.5,4.17
1180,0,NA,No,Yes,4.88,2.71,4.5,2.67,2.88,3.67
1181,0,NA,No,Yes,4.53,3.35,4.67,2.5,1.75,3
1182,0,NA,No,Yes,3.41,2.35,4.67,3.5,3.38,4.5
1183,0,NA,No,Yes,4.24,3.82,4.5,2.83,2.13,3.33
1184,0,NA,No,Yes,3.94,2.94,4.67,4,1.88,3.17
1185,0,NA,No,Yes,4.71,1.82,3.67,2.17,2.63,3.17
1186,0,NA,No,Yes,4.06,1.82,3.83,2.83,3.5,2.17
1187,0,NA,No,Yes,4.18,1.76,3.67,1.83,3.63,3.17
1188,0,NA,No,Yes,4.41,4,3,2.17,3,3.5
1189,0,NA,No,Yes,3.76,3.82,2.83,3,2.38,3.5
1190,0,NA,No,Yes,4.12,4.12,3.83,2.17,2.5,2
1191,0,NA,No,Yes,4,2.76,3,1.5,2.5,3
1192,0,NA,No,Yes,4.53,2.53,3.67,3.17,2.25,3
1193,0,NA,No,Yes,3.24,3.41,4.5,2.5,2.63,2.5
1194,0,NA,No,Yes,4.06,2.59,4.5,3,2.38,2.17
1195,1,NA,No,Yes,4.53,4.29,3,2.17,2.88,4.33
1196,1,NA,No,Yes,4.06,3.59,4.17,4.83,2.75,3.33
1197,1,NA,No,Yes,4.41,3.24,4.83,4.17,2.63,3.83
1198,1,NA,No,Yes,4.41,3,3.33,3.5,4,3.33
1199,1,NA,No,Yes,4.76,3.12,4.67,3,2.25,3.67
1200,1,NA,No,Yes,3.82,3.65,4.17,3,3.38,3.17
1201,1,NA,No,Yes,4.88,3.41,5,4.17,2.38,4.17
1202,1,NA,No,Yes,3.88,3.06,4.17,2.5,2.5,2.67
1203,1,NA,No,Yes,4.35,4,4.5,4,2.38,4.5
1204,1,NA,No,Yes,4.94,4.29,4.83,4.33,1,4
1205,1,NA,No,Yes,4.06,2.18,4.17,3.67,2.38,2.5
1206,1,NA,No,Yes,3.88,4.06,4.5,3.5,3.25,2.5
1207,1,NA,No,Yes,3.76,3.94,4.33,3.33,2.63,4
1208,1,NA,No,Yes,4.06,3.53,5,3.83,2.25,2.5
1209,1,NA,No,Yes,3.94,3.29,2.5,4,3.63,2.33
1210,1,NA,No,Yes,2.71,3.12,2.83,2.17,3,2.67
1211,1,NA,No,Yes,2.47,3.94,5,3.17,3.88,3.83
